ean|product_name|product_url|product_image|promotion_description|selling_price|original_price|currency|grammage_unit|rating|reviews_count|long_description|short_description|suitable_for|dimensions_value|product_id|composition_list|analytical_constituents|nutritional_additives|sensory_additives|technological_additives
76344107521|Wellness Core Complete Small Breed Adult Dry Dog Food Turkey with Chicken|https://www.petsathome.com/product/wellness-core-complete-small-breed-dry-adult-dog-food-turkey-with-chicken/7122690P|https://cdn.petsathome.com/public/images/products/900_7122690.jpg|Buy One Get Second Half Price On Selected Wellness Core Dry Dog Food|13.59||pounds||5|139|Wellness Core Small Breed Adult Original is tailored to small breed dogs' nutritional needs, supporting optimal energy and body condition with all-natural ingredients and high-quality proteins. Grain free and protein rich with fresh turkey as the first ingredient plus a unique blend of wholesome vegetables and superfoods, leaving out fillers and grains.||Small breed dogs from 12 months old|1.5kg: H38 x W20.4 x D8cm|7122690|Turkey 32% (Fresh Turkey 16%, Dehydrated Turkey 16%), Chicken 30% (Dehydrated Chicken 16%, Chicken Fat 8%, Chicken Gravy 6%), Peas 20%, Potato Protein, Beet Pulp 4%, Linseed 3%, Dried Potatoes, Salmon Oil 1%, Lignocellulose, Carrots, Apples, Yeast Extract (source of mannan - oligosaccharides) 0,5%, Dried Chicory Root (source of Fructo-oligo-saccharides and Inulin) 0,5%, Broccoli, Spinach, Tomatoes, Blueberries, Cranberries 0,01%, Dried Peppermint, D-Glucosamine Hydrochloride 100 mg/kg, Chondroitin Sulphate 100 mg/kg, Yucca Schidigera, Mixed Herbs (Dried Rosemary, Dried Turmeric, Dried Citrus, Dried Eugenia)|Protein: 36%; Crude Fibres: 4%; Crude Oils and Fats: 16%; Crude Ash: 8%; Moisture: Not Stated; Omega (3 and/or 6): Not Stated; Calcium: Not Stated; Phosphorus: Not Stated|Vitamin A 14000 IU, Vitamin D3 1000 IU, Vitamin E 120 mg, Taurine 1500 mg, Zinc (Zinc sulphate, monohydrate) 100 mg, Iron (Ferrous sulphate, monohydrate) 100 mg, Copper (Cupric sulphate, pentahydrate) 7,5 mg, Manganese (Manganous sulphate, monohydrate) 5 mg, Iodine (Calcium iodate, anhydrous) 1,5 mg|None Stated|Natural Antioxidants Bentonite (montmorillonite) 1200 mg. Enterococcus faecium NCIMB 10415, 109 cfu - Helps establish and maintain bacterial balance within the intestinal tract of dogs
76344107491|Wellness Core Complete Medium Breed Adult Dry Dog Food Turkey with Chicken|https://www.petsathome.com/product/wellness-core-complete-medium-breed-dry-adult-dog-food-turkey-with-chicken/7122687P|https://cdn.petsathome.com/public/images/products/900_7122687.jpg|Buy One Get Second Half Price On Selected Wellness Core Dry Dog Food|16.39||pounds||5|139|Wellness Core Medium Breed Adult Original is tailored to adult dog's nutritional needs, supporting optimal energy and body condition with all-natural ingredients and high-quality proteins. Grain free and protein rich with fresh turkey as the first ingredient plus a unique blend of wholesome vegetables and superfoods, leaving out fillers and grains.||Medium breed dogs over 12 months old|1.8kg: H38 x W20.4 x D8cm|7122687|Turkey 28% (Fresh Turkey 15%, Dehydrated Turkey 13%), Chicken 25% (Dehydrated Chicken 14%, Chicken Fat 6%, Chicken Gravy 5%), Peas 14%, Dried Potatoes, Potato Protein, Beet Pulp 4%, Linseed 3%, Lignocellulose, Salmon Oil 1%, Carrots, Apples, Yeast Extract (source of mannan-oligosaccharides) 0,5%, Dried Chicory Root (source of Fructo-oligo-saccharides and Inulin) 0,5%, Broccoli, Spinach, Tomatoes, Blueberries 0,01%, Cranberries, D-Glucosamine Hydrochloride 100 mg/kg, Chondroitin Sulphate 100 mg/kg, Yucca Schidigera, Mixed Herbs (Dried Rosemary, Dried Turmeric, Dried Citrus, Dried Eugenia)|Protein: 34%; Crude Fibres: 4%; Crude Oils and Fats: 16%; Crude Ash: 8%; Moisture: Not Stated; Omega (3 and/or 6): Not Stated; Calcium: Not Stated; Phosphorus: Not Stated|Vitamin A 14000 IU, Vitamin D3 1000 IU, Vitamin E 120 mg, Zinc (Zinc sulphate, monohydrate) 100 mg, Iron (Ferrous sulphate, monohydrate) 100 mg, Copper (Cupric sulphate, pentahydrate) 7,5 mg, Manganese (Manganous sulphate, monohydrate) 5 mg, Iodine (Calcium iodate, anhydrous) 1,5 mg|None Stated|Natural Antioxidants Bentonite (montmorillonite) 1200 mg. Enterococcus faecium NCIMB 10415, 109 cfu - Helps establish and maintain bacterial balance within the intestinal tract of dogs
76344108115|Wellness Core Complete Small Breed Adult Dry Dog Food Turkey with Chicken|https://www.petsathome.com/product/wellness-core-complete-small-breed-dry-adult-dog-food-turkey-with-chicken/7139002P|https://cdn.petsathome.com/public/images/products/900_7139002.jpg||one-time purchase||pounds||0||Wellness Core Small Breed Adult Original is tailored to small breed dogs' nutritional needs, supporting optimal energy and body condition with all-natural ingredients and high-quality proteins. Grain-free and protein rich with fresh turkey as the first ingredient plus a unique blend of wholesome vegetables and superfoods, leaving out fillers and grains.||Small breed dogs from 12 months old|5kg: H57 x W26.5 x D15cm|7139002|Turkey 32% (Fresh Turkey 16%, Dehydrated Turkey 16%), Chicken 30% (Dehydrated Chicken 16%, Chicken Fat 8%, Chicken Gravy 6%), Peas 20%, Potato Protein, Beet Pulp 4%, Linseed 3%, Dried Potatoes, Salmon Oil 1%, Lignocellulose, Carrots, Apples, Yeast Extract (source of mannan - oligosaccharides) 0,5%, Dried Chicory Root (source of Fructo-oligo-saccharides and Inulin) 0,5%, Broccoli, Spinach, Tomatoes, Blueberries, Cranberries 0,01%, Dried Peppermint, D-Glucosamine Hydrochloride 100 mg/kg, Chondroitin Sulphate 100 mg/kg, Yucca Schidigera, Mixed Herbs (Dried Rosemary, Dried Turmeric, Dried Citrus, Dried Eugenia)|Protein: 36%; Crude Fibres: 4%; Crude Oils and Fats: 16%; Crude Ash: 8%; Moisture: Not Stated; Omega (3 and/or 6): Not Stated; Calcium: Not Stated; Phosphorus: Not Stated|Vitamin A 14000 IU, Vitamin D3 1000 IU, Vitamin E 120 mg, Taurine 1500 mg, Zinc (Zinc sulphate, monohydrate) 100 mg, Iron (Ferrous sulphate, monohydrate) 100 mg, Copper (Cupric sulphate, pentahydrate) 7,5 mg, Manganese (Manganous sulphate, monohydrate) 5 mg, Iodine (Calcium iodate, anhydrous) 1,5 mg|None Stated|Natural Antioxidants Bentonite (montmorillonite) 1200 mg. Enterococcus faecium NCIMB 10415, 109 cfu - Helps establish and maintain bacterial balance within the intestinal tract of dogs
76344107538|Wellness Core Complete Medium Breed Adult Dry Dog Food Turkey with Chicken|https://www.petsathome.com/product/wellness-core-complete-medium-breed-dry-adult-dog-food-turkey-with-chicken/7122691P|https://cdn.petsathome.com/public/images/products/900_7122691.jpg||one-time purchase||pounds||5|139|Wellness Core Medium Breed Adult Original is tailored to adult dog's nutritional needs, supporting optimal energy and body condition with all-natural ingredients and high-quality proteins. Grain free and protein rich with fresh turkey as the first ingredient plus a unique blend of wholesome vegetables and superfoods, leaving out fillers and grains.||Medium breed dogs over 12 months old|10kg: H62 x W37 x D12cm|7122691|Turkey 28% (Fresh Turkey 15%, Dehydrated Turkey 13%), Chicken 25% (Dehydrated Chicken 14%, Chicken Fat 6%, Chicken Gravy 5%), Peas 14%, Dried Potatoes, Potato Protein, Beet Pulp 4%, Linseed 3%, Lignocellulose, Salmon Oil 1%, Carrots, Apples, Yeast Extract (source of mannan-oligosaccharides) 0,5%, Dried Chicory Root (source of Fructo-oligo-saccharides and Inulin) 0,5%, Broccoli, Spinach, Tomatoes, Blueberries 0,01%, Cranberries, D-Glucosamine Hydrochloride 100 mg/kg, Chondroitin Sulphate 100 mg/kg, Yucca Schidigera, Mixed Herbs (Dried Rosemary, Dried Turmeric, Dried Citrus, Dried Eugenia)|Protein: 34%; Crude Fibres: 4%; Crude Oils and Fats: 16%; Crude Ash: 8%; Moisture: Not Stated; Omega (3 and/or 6): Not Stated; Calcium: Not Stated; Phosphorus: Not Stated|Vitamin A 14000 IU, Vitamin D3 1000 IU, Vitamin E 120 mg, Zinc (Zinc sulphate, monohydrate) 100 mg, Iron (Ferrous sulphate, monohydrate) 100 mg, Copper (Cupric sulphate, pentahydrate) 7,5 mg, Manganese (Manganous sulphate, monohydrate) 5 mg, Iodine (Calcium iodate, anhydrous) 1,5 mg|None Stated|Natural Antioxidants Bentonite (montmorillonite) 1200 mg. Enterococcus faecium NCIMB 10415, 109 cfu - Helps establish and maintain bacterial balance within the intestinal tract of dogs
76344118572|Wellness Core 95% Wet Adult Dog Food Beef with Broccoli|https://www.petsathome.com/product/wellness-core-95-percent-wet-adult-dog-food-beef-with-broccoli/7132279P|https://cdn.petsathome.com/public/images/products/900_7132279.jpg||one-time purchase||pounds||5|7|Wellness CORE 95% Beef with Broccoli is a delicious recipe that provides a natural, complete and balanced meal: made with 95%* of beef combined with tasty veggie pieces. Grain free, single protein source and fortified with vitamins and minerals to ensure your dog has the nutrition he needs to thrive from the CORE.*95% animal origin ingredients from a single protein source.||All adult dogs over 12 months|400g: H11 x W7.5 x D7.5cm|7132279|95% Beef [66% (Hearts, Meat, Livers, Lungs), 29% Beef Broth], 3,5% Broccoli, 1% Minerals, 0,5% Sunflower Oil|Protein: 11%; Crude Fibres: 0.4%; Crude Oils and Fats: 7.3%; Crude Ash: 2.4%; Moisture: 72%; Omega (3 and/or 6): Not Stated; Calcium: Not Stated; Phosphorus: Not Stated|Nutritional Additives:Vitamin D3 200 IU.  Trace Elements: Zinc (Zinc sulphate, monohydrate) 25 mg, Manganese (Manganous sulphate, monohydrate) 1,4 mg, Iodine (Calcium iodate, anhydrous) 0,75 mg|None Stated|None stated
76344105398|Wellness Core Grain Free Puppy Treats Chicken|https://www.petsathome.com/product/wellness-core-puppy-trainers-treats-chicken-flavoured-with-carrots-grainfree/7146086P|https://cdn.petsathome.com/public/images/products/900_7146086.jpg||one-time purchase||pounds||5|1|Crafted with all the Wellness CORE nutrition principles in mind to create an all-natural, grain free treat. Wellness CORE Puppy Trainers Chicken flavoured with carrots are a chicken-based recipe, including guaranteed levels of DHA from salmon oil, which supports brain and eye development. Small, soft treats, perfect for fun and guilt-free training, treating and bonding moments with your growing puppy.||Puppies from weaning.|170g: H0.7 x W1.3 x D1.3cm|7146086|Chicken 26% (Dehydrated Chicken 16%, Hydrolysed Chicken Protein 6%, Chicken Fat 4%), Peas, Chickpeas, Glycerine, Tapioca Starch, Carrots 4%, Linseed 2%, Salmon Oil 2%, Beet Molasses, Dried Alfalfa, Dried Nettles, Dried Seaweed, Dried Apples, Dried Bilberries, Dried Lingonberries, Dried Blueberries, Dried Cranberries, Dried Sweet Potatoes, Dried Parsley, Dried Spirulina|Protein 19%, Crude Fibres 2.4%, Crude Oils and Fats 11%, Crude Ash 4%, Moisture Not stated|Vitamin A 7500 IU, Vitamin D3 750 IU, Vitamin E 50 mg, Iron (iron sulphate, monohydrate) 25 mg, Copper (copper sulphate, pentahydrate) 5 mg, Zinc (zinc sulphate, monohydrate) 31.3 mg, Manganese (manganese sulphate, monohydrate) 5 mg, Iodine (calcium iodate) 0.75mg, Selenium (sodium selenite) 0.1 mg|None Stated|Natural Antioxidants 120mg/kg
76344107262|Wellness Core Sterilised Adult Dry Cat Food Chicken with Turkey|https://www.petsathome.com/product/wellness-core-complete-sterilised-dry-adult-cat-food-chicken-with-turkey/7124137P|https://cdn.petsathome.com/public/images/products/900_7124137.jpg||one-time purchase||pounds||5|14|Wellness Core Sterilised Adult Original has a lower calorie content to suit sterilised and less active cats' nutritional needs, promoting healthy energy levels and lean body condition. With high quality protein ingredients in a natural, complete and balanced recipe along with a unique blend of wholesome vegetables, superfoods, botanicals and natural nutritional supplements, this nutrient-dense recipe helps support their optimum health, weight and longevity.||All adult cats over 12 months old, in particular sterilised or less active cats and for weight management|1.75kg: H38 x W20.4 x D8cm|7124137|Chicken 54% (Fresh Chicken 16%, Dried Chicken Protein 16%, Dehydrated Chicken 15%, Chicken Fat 4%, Hydrolyzed Chicken Protein 3%), Peas 15%, Dried Potatoes, Dehydrated Turkey 4%, Beet Pulp 4%, Dried Flavour, Lignocellulose, Linseed 1%, Dried Chicory Root (source of Fructo-oligo-saccharides and Inulin) 0,5%, D-Glucosamine Hydrochloride 300 mg/kg, Chondroitin Sulphate 200 mg/kg, Cranberries 0,01%, Dried Kelp, Yucca Schidigera, Mixed Herbs (Dried Rosemary, Dried Turmeric, Dried Citrus, Dried Eugenia)|Protein: 38%; Crude Fibres: 4.5%; Crude Oils and Fats: 13%; Crude Ash: 8%; Moisture: Not Stated; Omega (3 and/or 6): Not Stated; Calcium: Not Stated; Phosphorus: Not Stated|Vitamin A 30000 IU, Vitamin D3 1300 IU, Vitamin E 100 mg, Taurine 2200 mg, L-Carnitine 100 mg, Zinc (Zinc sulphate, monohydrate) 100 mg, Iron (Ferrous sulphate, monohydrate) 100 mg, Manganese (Manganous sulphate, monohydrate) 7,5 mg, Copper (Cupric sulphate, pentahydrate) 5 mg, Iodine (Calcium iodate, anhydrous) 1,5 mg|None Stated|Natural Antioxidants Bentonite (montmorillonite) 4500 mg. Enterococcus faecium NCIMB 10415, 109 cfu - Helps establish and maintain bacterial balance within the intestinal tract of cats
76344108320|Wellness Core Sterilised Adult Dry Cat Food Chicken & Turkey|https://www.petsathome.com/product/wellness-core-complete-original-sterilised-dry-adult-cat-food-chicken-and-turkey/7141715P|https://cdn.petsathome.com/public/images/products/900_7141715.jpg||one-time purchase||pounds||0||Wellness Core Sterilised Adult Original has a lower calorie content to suit sterilised and less active cats' nutritional needs, promoting healthy energy levels and lean body condition. With high quality protein ingredients in a natural, complete and balanced recipe along with a unique blend of wholesome vegetables, superfoods, botanicals and natural nutritional supplements, this nutrient-dense recipe helps support their optimum health, weight and longevity.||All adult cats over 12 months old, in particular sterilised or less active cats and for weight management|4kg: H52 x W26.5 x D11.5cm|7141715|Chicken 54% (Fresh Chicken 16%, Dried Chicken Protein 16%, Dehydrated Chicken 15%, Chicken Fat 4%, Hydrolyzed Chicken Protein 3%), Peas 15%, Dried Potatoes, Dehydrated Turkey 4%, Beet Pulp 4%, Dried Flavour, Lignocellulose, Linseed 1%, Dried Chicory Root (source of Fructo-oligo-saccharides and Inulin) 0,5%, D-Glucosamine Hydrochloride 300 mg/kg, Chondroitin Sulphate 200 mg/kg, Cranberries 0,01%, Dried Kelp, Yucca Schidigera, Mixed Herbs (Dried Rosemary, Dried Turmeric, Dried Citrus, Dried Eugenia)|Protein: 38%; Crude Fibres: 4.5%; Crude Oils and Fats: 13%; Crude Ash: 8%; Moisture: Not Stated; Omega (3 and/or 6): Not Stated; Calcium: Not Stated; Phosphorus: Not Stated|Vitamin A 30000 IU, Vitamin D3 1300 IU, Vitamin E 100 mg, Taurine 2200 mg, L-Carnitine 100 mg, Zinc (Zinc sulphate, monohydrate) 100 mg, Iron (Ferrous sulphate, monohydrate) 100 mg, Manganese (Manganous sulphate, monohydrate) 7,5 mg, Copper (Cupric sulphate, pentahydrate) 5 mg, Iodine (Calcium iodate, anhydrous) 1,5 mg|None Stated|Natural Antioxidants Bentonite (montmorillonite) 4500 mg. Enterococcus faecium NCIMB 10415, 109 cfu - Helps establish and maintain bacterial balance within the intestinal tract of cats
76344116639|Wellness Core Tender Cuts Adult Wet Cat Food Salmon & Tuna|https://www.petsathome.com/product/wellness-core-tender-cuts-in-savoury-gravy-cat-food-salmon-and-tuna/7124148P|https://cdn.petsathome.com/public/images/products/900_7124148.jpg||one-time purchase||pounds||5|2|With taste in mind but health at heart: Wellness CORE Tenders Cuts with Salmon and Tuna in Savoury Gravy are grain free natural slow cooked tender cuts of poultry combined with healthy veggies and fruits served in savoury sauces that deliver an irresistible taste. Tender Cuts are complete and balanced meals with a range of protein-rich recipes to keep mealtime tasty and tender, savoury, saucy and fresh to please even the most finicky of eaters.||All adult cats over 12 months|85g: H14 x W9.5 x D2.8cm|7124148|Chicken Broth, Chicken 19%, Salmon 6%, Tuna 6%, Potato Starch, Eggs, Carrots 3%, Chicken Liver, Minerals, Cranberries, Blueberries, White Sweet Potatoes|Protein: 7%; Crude Fibres: 0.1%; Crude Oils and Fats: 0.54%; Crude Ash: 1.4%; Moisture: 80%; Omega (3 and/or 6): Not Stated; Calcium: Not Stated; Phosphorus: Not Stated|Nutritional Additives:Taurine 1540 mg, Vitamin A 14,240 IU, Vitamin D3 420 IU, Vitamin E 64 mg.  Trace Elements: Zinc chelate of amino acids, hydrate 113 mg, Ferrous chelate of amino acids, hydrate 77 mg, Manganese chelate of amino acids, hydrate 27 mg, Cupric chelate of amino acids, hydrate 18 mg, Potassium Iodide 0,2 mg, Sodium Selenite 0,065 mg|None Stated|None stated
64992523206|ACANA Small Breed Adult Dry Dog Food with Chicken Turkey & Fish|https://www.petsathome.com/product/acana-complete-small-breed-dry-adult-dog-food-chicken-turkey-and-fish/P71194|https://cdn.petsathome.com/public/images/products/3000_P71194.jpg||one-time purchase||pounds||5|2|Small-breed dogs have the same nutritional requirements as larger dogs. This means they need a diet that is rich and varied in whole animal ingredients, in order to get the protein and nutrients they require for peak health. ACANA Small Breed is loaded with chicken and raw flounder, with the added nutrition of eggs, delivering everything your small-breed dog needs in order to stay happy, healthy, and strong.||Small breed adult dogs aged 1+ years.||P71194|Fresh chicken (14%), chicken meal (14%), whole red lentils, whole green peas, whole chickpeas, turkey meal (6.5%), chicken fat (6%), fresh chicken giblets (liver, heart) (4%), fresh egg (4%), raw hake (4%), fish oil (4%), herring meal (3%), whole green lentils, whole yellow peas, lentil fibre, pea starch, raw turkey liver (0.5%), salt, dried kelp, fresh whole pumpkin, fresh whole butternut squash, fresh whole carrots, fresh whole apples, fresh whole pears, fresh whole zucchini, dried chicory root, fresh kale, fresh spinach, fresh turnip greens, fresh beet greens, whole cranberries, whole blueberries, whole saskatoon berries, turmeric, milk thistle, burdock root, lavender, marshmallow root, rosehips.|Protein: 31%; Crude Fibres: 5%; Crude Oils and Fats: 15%; Crude Ash: 7.5%; Moisture: 12%; Omega (3 and/or 6): Not Stated; Calcium: Not Stated; Phosphorus: Not Stated|3a890 Choline chloride (choline): 700 mg, 3b612 (Zinc: 75 mg), 3b407 (Copper: 11mg), 3a821 Vitamin B1: 50mg, 3a825i Vitamin B2: 10mg, 3a314 Niacin: 100 mg, 3a841 Calcium-D-pantothenate: 30mg, 3a831 Vitamin B6: 17.5mg, 3a316 Folic Acid: 3.5mg, 3a835 Vitamin B12: 0.1mg, 3a672a Vitamin A: 5625 IU, 3a671 Vitamin D3: 750 IU, 3a700 Vitamin E: 450 IU, 3a300 Ascorbic Acid: 0.15 mg. Zootechnical additives: 4b1707 Enterococcus faecium DSM 10663/NCIMB 10415: 1 x 109 CFU.|Rosemary extract: 80mg.|1b306(i) Tocopherol extracts from vegetable oils: 121mg, 1a330 citric acid: 40mg.
64992525200|ACANA Adult Dry Dog Food with Chicken Turkey & Fish|https://www.petsathome.com/product/acana-complete-dry-adult-dog-food-chicken-turkey-and-fish/P71195|https://cdn.petsathome.com/public/images/products/3000_P71195.jpg||one-time purchase||pounds||5|5|Your dog is descended from the grey wolf and requires the same protein-rich diet in order to support peak health. Featuring chicken, raw flounder, and eggs that are delivered to their kitchen fresh or raw*, ACANA Adult Dog is packed with the protein and nutrients your dog needs. ACANA delivers nutrients naturally, in their most nourishing form, keeping your dog happy, healthy, and strong. In WholePrey ratios of meat, organs, and bone, ACANA delivers nutrients naturally, in their most nourishing form, keeping your dog happy, healthy and strong, with no artificial colours, flavours or preservatives added in our kitchens.||Adult dogs aged 1+ years.||P71195|Fresh chicken (13%), chicken meal (13%), whole red lentils, whole green peas, whole chickpeas, fresh chicken giblets (liver, heart) (6.5%), turkey meal (6.5%), chicken fat (6%), fresh eggs (4%), raw hake (4%), lentil fibre, pea starch, fish oil (3%), whole green lentils, whole yellow peas, herring meal (3%), raw turkey livers (1%), salt, dried kelp, fresh whole apples, fresh whole butternut squash, fresh whole carrots, fresh whole pears, fresh whole pumpkin, fresh whole zucchini, dried chicory root, fresh beet greens, fresh kale, fresh spinach, fresh turnip greens, whole blueberries, whole cranberries, whole saskatoon berries, burdock root, lavender, marshmallow root, milk thistle, rosehips, turmeric.|Protein: 29%; Crude Fibres: 5%; Crude Oils and Fats: 17%; Crude Ash: 7%; Moisture: 12%; Omega (3 and/or 6): Not Stated; Calcium: Not Stated; Phosphorus: Not Stated|3a890 Choline chloride (choline): 700 mg, 3b612 (Zinc: 75 mg), 3b407 (Copper: 11mg), 3a821 Vitamin B1: 100mg, 3a825i Vitamin B2: 20mg, 3a314 Niacin: 200 mg, 3a841 Calcium-D-pantothenate: 60mg, 3a831 Vitamin B6: 35mg, 3a316 Folic Acid: 7mg, 3a835 Vitamin B12: 0.2 mg, 3a672a Vitamin A: 5625 IU, 3a671 Vitamin D3: 750 IU, 3a700 Vitamin E: 450 IU, 3a300 Ascorbic Acid: 0.15 mg. Zootechnical additives: Zootechnical additives: 4b1707 Enterococcus faecium DSM 10663/NCIMB 10415: 1 x 109 CFU.|Rosemary extract: 80mg.|1b306(i) Tocopherol extracts from vegetable oils: 121mg, 1a330 citric acid: 40mg.
64992523602|ACANA Small Breed Adult Dry Dog Food with Chicken Turkey & Fish|https://www.petsathome.com/product/acana-complete-small-breed-dry-adult-dog-food-chicken-turkey-and-fish/P71194|https://cdn.petsathome.com/public/images/products/3000_P71194.jpg||one-time purchase||pounds||5|2|Small-breed dogs have the same nutritional requirements as larger dogs. This means they need a diet that is rich and varied in whole animal ingredients, in order to get the protein and nutrients they require for peak health. ACANA Small Breed is loaded with chicken and raw flounder, with the added nutrition of eggs, delivering everything your small-breed dog needs in order to stay happy, healthy, and strong.||Small breed adult dogs aged 1+ years.||P71194|Fresh chicken (14%), chicken meal (14%), whole red lentils, whole green peas, whole chickpeas, turkey meal (6.5%), chicken fat (6%), fresh chicken giblets (liver, heart) (4%), fresh egg (4%), raw hake (4%), fish oil (4%), herring meal (3%), whole green lentils, whole yellow peas, lentil fibre, pea starch, raw turkey liver (0.5%), salt, dried kelp, fresh whole pumpkin, fresh whole butternut squash, fresh whole carrots, fresh whole apples, fresh whole pears, fresh whole zucchini, dried chicory root, fresh kale, fresh spinach, fresh turnip greens, fresh beet greens, whole cranberries, whole blueberries, whole saskatoon berries, turmeric, milk thistle, burdock root, lavender, marshmallow root, rosehips.|Protein: 31%; Crude Fibres: 5%; Crude Oils and Fats: 15%; Crude Ash: 7.5%; Moisture: 12%; Omega (3 and/or 6): Not Stated; Calcium: Not Stated; Phosphorus: Not Stated|3a890 Choline chloride (choline): 700 mg, 3b612 (Zinc: 75 mg), 3b407 (Copper: 11mg), 3a821 Vitamin B1: 50mg, 3a825i Vitamin B2: 10mg, 3a314 Niacin: 100 mg, 3a841 Calcium-D-pantothenate: 30mg, 3a831 Vitamin B6: 17.5mg, 3a316 Folic Acid: 3.5mg, 3a835 Vitamin B12: 0.1mg, 3a672a Vitamin A: 5625 IU, 3a671 Vitamin D3: 750 IU, 3a700 Vitamin E: 450 IU, 3a300 Ascorbic Acid: 0.15 mg. Zootechnical additives: 4b1707 Enterococcus faecium DSM 10663/NCIMB 10415: 1 x 109 CFU.|Rosemary extract: 80mg.|1b306(i) Tocopherol extracts from vegetable oils: 121mg, 1a330 citric acid: 40mg.
64992525118|ACANA Adult Dry Dog Food with Chicken Turkey & Fish|https://www.petsathome.com/product/acana-complete-dry-adult-dog-food-chicken-turkey-and-fish/P71195|https://cdn.petsathome.com/public/images/products/3000_P71195.jpg||one-time purchase||pounds||5|5|Your dog is descended from the grey wolf and requires the same protein-rich diet in order to support peak health. Featuring chicken, raw flounder, and eggs that are delivered to their kitchen fresh or raw*, ACANA Adult Dog is packed with the protein and nutrients your dog needs. ACANA delivers nutrients naturally, in their most nourishing form, keeping your dog happy, healthy, and strong. In WholePrey ratios of meat, organs, and bone, ACANA delivers nutrients naturally, in their most nourishing form, keeping your dog happy, healthy and strong, with no artificial colours, flavours or preservatives added in our kitchens.||Adult dogs aged 1+ years.||P71195|Fresh chicken (13%), chicken meal (13%), whole red lentils, whole green peas, whole chickpeas, fresh chicken giblets (liver, heart) (6.5%), turkey meal (6.5%), chicken fat (6%), fresh eggs (4%), raw hake (4%), lentil fibre, pea starch, fish oil (3%), whole green lentils, whole yellow peas, herring meal (3%), raw turkey livers (1%), salt, dried kelp, fresh whole apples, fresh whole butternut squash, fresh whole carrots, fresh whole pears, fresh whole pumpkin, fresh whole zucchini, dried chicory root, fresh beet greens, fresh kale, fresh spinach, fresh turnip greens, whole blueberries, whole cranberries, whole saskatoon berries, burdock root, lavender, marshmallow root, milk thistle, rosehips, turmeric.|Protein: 29%; Crude Fibres: 5%; Crude Oils and Fats: 17%; Crude Ash: 7%; Moisture: 12%; Omega (3 and/or 6): Not Stated; Calcium: Not Stated; Phosphorus: Not Stated|3a890 Choline chloride (choline): 700 mg, 3b612 (Zinc: 75 mg), 3b407 (Copper: 11mg), 3a821 Vitamin B1: 100mg, 3a825i Vitamin B2: 20mg, 3a314 Niacin: 200 mg, 3a841 Calcium-D-pantothenate: 60mg, 3a831 Vitamin B6: 35mg, 3a316 Folic Acid: 7mg, 3a835 Vitamin B12: 0.2 mg, 3a672a Vitamin A: 5625 IU, 3a671 Vitamin D3: 750 IU, 3a700 Vitamin E: 450 IU, 3a300 Ascorbic Acid: 0.15 mg. Zootechnical additives: Zootechnical additives: 4b1707 Enterococcus faecium DSM 10663/NCIMB 10415: 1 x 109 CFU.|Rosemary extract: 80mg.|1b306(i) Tocopherol extracts from vegetable oils: 121mg, 1a330 citric acid: 40mg.
5060184240512|Lily's Kitchen Adult Dry Dog Food Chicken & Duck|https://www.petsathome.com/product/lilys-kitchen-countryside-casserole-dry-adult-dog-food-chicken-and-duck/7105661P|https://cdn.petsathome.com/public/images/products/900_7105661.jpg|Now £8.50 On Selected Lily's Kitchen Dog Food|8.50|10.09|pounds||5|17|That pitta patta of paws jumping excitedly on your kitchen tiles come dinner time? That's the kind of reaction Lily's food has on dogs, and it's all thanks to wholesome and delicious ingredients bursting with natural goodness. This complete, grain-free recipe is made with fresh chicken and freshly prepared duck plus vegetables, fruits, botanical herbs, vitamins and minerals. (Only the best for your doggo, right?) Lily's add glucosamine and chondroitin into their dry dog food to help aid bone and joint support, prebiotics to help support a healthy digestion and essential nutrients for overall health. It also contains salmon oil, a source of omega-3 fatty acids that help your dog's skin and fur stay healthy, shiny and soft.||Adult dogs 4+ months.|1kg: H29 x W18 x D9cm|7105661|42% Chicken and Duck: Fresh Chicken (31%), Freshly Prepared Duck (8%), Chicken Liver (3%). Sweet Potatoes (29%), Whole Peas (6.5%), Whole Lentils, Pea Protein, Flaxseed, Egg, Potato Protein, Chicken Gravy, Minerals, Botanicals and Herbs* (1%), Salmon Oil, Prebiotics (Mannan Oligosaccharides 1.3g/kg, Fructooligosaccharides 0.8g/kg), Carrots, Apples, Joint Care Mix (Glucosamine 175mg/kg, Methylsulfonylmethane 175mg/kg, Chondroitin Sulphate 125mg/kg), Cranberries, Spinach. *Botanicals and Herbs: Alfalfa, Chickweed, Cleavers, Golden Rod, Nettles, Seaweed, Dandelion Root, Celery Seeds, Milk Thistle, Burdock Root, Marigold Flowers, Rosehips|Protein: 23.5%; Crude Fibres: 3%; Crude Oils and Fats: 12%; Crude Ash: 7%; Moisture: Not Stated; Omega (3 and/or 6): 3%; Calcium: 1.1%; Phosphorus: 0.8%|Not Stated; Vitamins: Vitamin A (as Retinyl Acetate) 18,000 IU, Vitamin D3 (as Cholecalciferol) 1,800 IU, Vitamin E (as Alpha Tocopherol Acetate) 150 IU;  Trace Elements: Zinc (as Zinc Chelate of Amino Acids Hydrate) 100mg, Manganese (as Manganese Chelate of Amino Acids Hydrate) 10mg, Copper (as Copper (II) Chelate of Amino Acids Hydrate) 9mg, Selenium (as Organic Selenium S. cerevisiae CNCM 1-3060) 0.2mg, Iodine (as Calcium Iodate Anhydrous) 0.5mg|Not Stated|Not Stated
5060184240703|Lily's Kitchen Adult Dry Dog Food Chicken & Duck|https://www.petsathome.com/product/lilys-kitchen-countryside-casserole-dry-adult-dog-food-chicken-and-duck/7108807P|https://cdn.petsathome.com/public/images/products/900_7108807.jpg|Buy One Get Second Half Price On Selected Lily's Kitchen Dog Food Cat Food & Treats|23.79||pounds||5|25|That pitta patta of paws jumping excitedly on your kitchen tiles come dinner time? That's the kind of reaction Lily's food has on dogs, and it's all thanks to wholesome and delicious ingredients bursting with natural goodness. This complete, grain-free recipe is made with fresh chicken and freshly prepared duck plus vegetables, fruits, botanical herbs, vitamins and minerals. (Only the best for your doggo, right?) Lily's add glucosamine and chondroitin into their dry dog food to help aid bone and joint support, prebiotics to help support a healthy digestion and essential nutrients for overall health. It also contains salmon oil, a source of omega-3 fatty acids that help your dog's skin and fur stay healthy, shiny and soft.||Adult dogs 4+ months.|2.5kg: H36 x W20 x D11cm|7108807|42% Chicken and Duck: Fresh Chicken (31%), Freshly Prepared Duck (8%), Chicken Liver (3%). Sweet Potatoes (29%), Whole Peas (6.5%), Whole Lentils, Pea Protein, Flaxseed, Egg, Potato Protein, Chicken Gravy, Minerals, Botanicals and Herbs* (1%), Salmon Oil, Prebiotics (Mannan Oligosaccharides 1.3g/kg, Fructooligosaccharides 0.8g/kg), Carrots, Apples, Joint Care Mix (Glucosamine 175mg/kg, Methylsulfonylmethane 175mg/kg, Chondroitin Sulphate 125mg/kg), Cranberries, Spinach. *Botanicals and Herbs: Alfalfa, Chickweed, Cleavers, Golden Rod, Nettles, Seaweed, Dandelion Root, Celery Seeds, Milk Thistle, Burdock Root, Marigold Flowers, Rosehips|Protein: 23.5%; Crude Fibres: 3%; Crude Oils and Fats: 12%; Crude Ash: 7%; Moisture: Not Stated; Omega (3 and/or 6): 3%; Calcium: 1.1%; Phosphorus: 0.8%|Not Stated; Vitamins: Vitamin A (as Retinyl Acetate) 18,000 IU, Vitamin D3 (as Cholecalciferol) 1,800 IU, Vitamin E (as Alpha Tocopherol Acetate) 150 IU;  Trace Elements: Zinc (as Zinc Chelate of Amino Acids Hydrate) 100mg, Manganese (as Manganese Chelate of Amino Acids Hydrate) 10mg, Copper (as Copper (II) Chelate of Amino Acids Hydrate) 9mg, Selenium (as Organic Selenium S. cerevisiae CNCM 1-3060) 0.2mg, Iodine (as Calcium Iodate Anhydrous) 0.5mg|Not Stated|Not Stated
5060184240598|Lily's Kitchen Adult Dry Dog Food Chicken & Duck|https://www.petsathome.com/product/lilys-kitchen-countryside-casserole-dry-adult-dog-food-chicken-and-duck/7105453P|https://cdn.petsathome.com/public/images/products/900_7105453.jpg||one-time purchase||pounds||5|10|That pitta patta of paws jumping excitedly on your kitchen tiles come dinner time? That's the kind of reaction their food has on dogs, and it's all thanks to wholesome and delicious ingredients bursting with natural goodness. This complete, grain-free recipe is made with fresh chicken and freshly prepared duck plus vegetables, fruits, botanical herbs, vitamins and minerals. (Only the best for your doggo, right?) They add glucosamine and chondroitin into their dry dog food to help aid bone and joint support, prebiotics to help support a healthy digestion and essential nutrients for overall health. It also contains salmon oil, a source of omega-3 fatty acids that help your dog's skin and fur stay healthy, shiny and soft. For adult dogs from 6 months+. Feed in line with their feeding guidelines.||Adult Dog 6 months Plus|7kg: H60 x W30 x D20cm|7105453|42% Chicken and Duck: Fresh Chicken (31%), Freshly Prepared Duck (8%), Chicken Liver (3%), Sweet Potatoes (29%), Whole Peas (6.5%), Whole Lentils, Pea Protein, Flaxseed, Egg, Potato Protein, Chicken Gravy, Minerals, Botanicals and Herbs* (1%), Salmon Oil, Prebiotics (Mannan Oligosaccharides 1.3g/kg, Fructooligosaccharides 0.8g/kg), Carrots, Apples, Joint Care Mix (Glucosamine 175mg/kg, Methylsulfonylmethane 175mg/kg, Chondroitin Sulphate 125mg/kg), Cranberries, Spinach. *Botanicals and Herbs: Alfalfa, Chickweed, Cleavers, Golden Rod, Nettles, Seaweed, Dandelion Root, Celery Seeds, Milk Thistle, Burdock Root, Marigold Flowers, Rosehips|Protein: 23.5%; Crude Fibres: 3%; Crude Oils and Fats: 12%; Crude Ash: 7%; Moisture: Not Stated; Omega (3 and/or 6): 3%; Calcium: 1.1%; Phosphorus: 0.8%|Nutritional Additives:Not Stated; Vitamins: Vitamin A (as Retinyl Acetate) 18,000 IU, Vitamin D3 (as Cholecalciferol) 1,800 IU, Vitamin E (as Alpha Tocopherol Acetate) 150 IU;  Trace Elements: Zinc (as Zinc Chelate of Amino Acids Hydrate) 100mg, Manganese (as Manganese Chelate of Amino Acids Hydrate) 10mg, Copper (as Copper (II) Chelate of Amino Acids Hydrate) 9mg, Selenium (as Organic Selenium S. cerevisiae CNCM 1-3060) 0.2mg, Iodine (as Calcium Iodate Anhydrous) 0.5mg|Not Stated|Not stated
5060184244909|Lily's Kitchen Adult Dry Dog Food Chicken & Duck|https://www.petsathome.com/product/lilys-kitchen-countryside-casserole-dry-adult-dog-food-chicken-and-duck/7131752P|https://cdn.petsathome.com/public/images/products/900_7131752.jpg||one-time purchase||pounds||5|6|That pitta patta of paws jumping excitedly on your kitchen tiles come dinner time? That's the kind of reaction Lily's food has on dogs, and it's all thanks to wholesome and delicious ingredients bursting with natural goodness. This complete, grain-free recipe is made with fresh chicken and freshly prepared duck plus vegetables, fruits, botanical herbs, vitamins and minerals. (Only the best for your doggo, right?) Lily's add glucosamine and chondroitin into their dry dog food to help aid bone and joint support, prebiotics to help support a healthy digestion and essential nutrients for overall health. It also contains salmon oil, a source of omega-3 fatty acids that help your dog's skin and fur stay healthy, shiny and soft.||Adult dogs 4+ months.|12kg: H75 x W37 x D15cm|7131752|42% Chicken and Duck: Fresh Chicken (31%), Freshly Prepared Duck (8%), Chicken Liver (3%). Sweet Potatoes (29%), Whole Peas (6.5%), Whole Lentils, Pea Protein, Flaxseed, Egg, Potato Protein, Chicken Gravy, Minerals, Botanicals and Herbs* (1%), Salmon Oil, Prebiotics (Mannan Oligosaccharides 1.3g/kg, Fructooligosaccharides 0.8g/kg), Carrots, Apples, Joint Care Mix (Glucosamine 175mg/kg, Methylsulfonylmethane 175mg/kg, Chondroitin Sulphate 125mg/kg), Cranberries, Spinach. *Botanicals and Herbs: Alfalfa, Chickweed, Cleavers, Golden Rod, Nettles, Seaweed, Dandelion Root, Celery Seeds, Milk Thistle, Burdock Root, Marigold Flowers, Rosehips|Protein: 23.5%; Crude Fibres: 3%; Crude Oils and Fats: 12%; Crude Ash: 7%; Moisture: Not Stated; Omega (3 and/or 6): 3%; Calcium: 1.1%; Phosphorus: 0.8%|Vitamins: Vitamin A (as Retinyl Acetate) 18,000 IU, Vitamin D3 (as Cholecalciferol) 1,800 IU, Vitamin E (as Alpha Tocopherol Acetate) 150 IU;  Trace Elements: Zinc (as Zinc Chelate of Amino Acids Hydrate) 100mg, Manganese (as Manganese Chelate of Amino Acids Hydrate) 10mg, Copper (as Copper (II) Chelate of Amino Acids Hydrate) 9mg, Selenium (as Organic Selenium S. cerevisiae CNCM 1-3060) 0.2mg, Iodine (as Calcium Iodate Anhydrous) 0.5mg|Not Stated|Not Stated
5425039485010|Edgard & Cooper Grain Free Complete Adult Dry Dog Food Chicken|https://www.petsathome.com/product/edgard-and-cooper-grain-free-complete-dry-adult-dog-food-chicken/7132255P|https://cdn.petsathome.com/public/images/products/3000_7132255P.jpg|Now £15 On Selected Edgard & Cooper Dog Food|15.00|19.99|pounds||5|320|Naturally tasty dog food packed with lots of fresh meat filled with quality and tasty protein (no meat meal, no overprocessed or dried meat), Non-GMO - They cook ingredients with care to preserve their flavour and natural nutrients. Full of delicious fresh, free-run chicken, this grain-free recipe is an amazing low-calorie source of high-quality protein. Easy-to-digest, it also contains prebiotics to support a healthy gut. ||Adult dogs of all breeds and sizes|2.5kg: H36 x W20 x D11cm|7132255|Fresh chicken 40%, potato, peas, pea protein, chicken fat, linseed, chicken gravy, minerals, fish oil, botanical herbs 0.2% (marigold blossoms, nettle, blackberry leaves, fennel, caraway, chamomile, balm), mannanoligosaccharides (MOS), fructo-oligosaccharides (FOS), mango 0.04%, blueberries 0.04%, apples 0.04%, strawberries 0.04%, carrots 0.04%, tomatoes 0.04%|Protein: 25%; Crude Fibres: 4.5%; Crude Oils and Fats: 18%; Crude Ash: 6.9%; Moisture: Not Stated; Omega (3 and/or 6): Not Stated; Calcium: Not Stated; Phosphorus: Not Stated|vitamin A 20,000 IU, vitamin D3 2,000 IU, vitamin E 350 mg, taurine 1000 mg. Iron (iron (II) sulphate monohydrate) 75 mg, iodine (potassium iodide) 3.5 mg, copper (copper (II) sulphate pentahydrate) 10 mg, manganese (manganous sulphate monohydrate) 7.5 mg, zinc (zinc oxide) 150 mg, selenium (sodium selenite) 0.15 mg|None Stated|None stated
5425039485263|Edgard & Cooper Organic Adult Dry Dog Food Turkey & Chicken|https://www.petsathome.com/product/edgard-and-cooper-organic-complete-dry-adult-dog-food-turkey-and-chicken/7132844P|https://cdn.petsathome.com/public/images/products/3000_7132844P.jpg||one-time purchase||pounds||5|70|Naturally tasty dog food packed with lots of fresh meat filled with quality and tasty protein (no meat meal, no overprocessed or dried meat), Non-GMO - They cook ingredients with care to preserve their flavour and natural nutrients. This gluten-free recipe is full of fresh, free-range and organic turkey and chicken, so it's an amazing source of high-quality protein. Organic meat has higher welfare standards, which means plenty of fresh air and space for animals to thrive. They blend their recipes with a super-healthy mix of fruit and veg, plus an extra boost of nutritious herbs and botanicals. Then they gently steam it to lock in all the flavour and goodness. Their simple, healthy recipes are developed by experts to provide optimal nutrition from natural ingredients. It's as if your dog had his own personal trainer. For a healthy, complete and balanced diet, their tasty recipes include a tasty mix of fresh meat and nutritious offal, plus fibre-rich fruits and vegetables.||Adult dogs of all breeds and sizes|7kg: H60 x W30 x D12cm|7132844|*Produced from 100% controlled organic farming. Organic fresh chicken* 25%, organic rice* protein, organic whole rice*, organic whole millet*, organic whole oats*, organic fresh turkey* 5%, minerals, organic pork* gravy, organic chicken* fat, organic tomatoes* 0.04%, organic carrots* 0.04%, organic pears* 0.04%, organic apples* 0.04%, organic chia seeds* 0.04%, organic coconut* 0.04%, organic nettle*, organic blackberry* leaves, organic fennel*, organic caraway*, organic chamomile*, organic balm*|Protein: 25%; Crude Fibres: 3.5%; Crude Oils and Fats: 13%; Crude Ash: 7.6%; Moisture: Not Stated; Omega (3 and/or 6): Not Stated; Calcium: Not Stated; Phosphorus: Not Stated|vitamin A 12,000 IU, vitamin D3 1,200 IU, vitamin E 75 mg, taurine 1000 mg. Copper (copper (II) sulphate pentahydrate) 10 mg, zinc (zinc oxide) 75 mg, iodine (calcium iodate, anhydrous) 2.1 mg, selenium (sodium selenite) 0.21 mg|None Stated|None stated
5425039485034|Edgard & Cooper Grain Free Adult Dry Dog Food Chicken|https://www.petsathome.com/product/edgard-and-cooper-grain-free-complete-dry-adult-dog-food-chicken/7132835P|https://cdn.petsathome.com/public/images/products/3000_7132835P.jpg|Online Only Price Cut Save 20% Off Selected Edgard & Cooper Dog Food|58.39|72.99|pounds||5|320|Naturally tasty dog food packed with lots of fresh meat filled with quality and tasty protein (no meat meal, no overprocessed or dried meat), Non-GMO - They cook ingredients with care to preserve their flavour and natural nutrients. Full of delicious, fresh, free-run chicken, this grain-free recipe is an amazing low-calorie source of high-quality protein. Easy-to-digest, it also contains prebiotics to support a healthy gut. ||Adult dogs of all breeds and sizes|12kg: H66 x W32 x D17cm|7132835|Fresh chicken 40%, potato, peas, pea protein, chicken fat, linseed, chicken gravy, minerals, fish oil, botanical herbs 0.2% (marigold blossoms, nettle, blackberry leaves, fennel, caraway, chamomile, balm), mannanoligosaccharides (MOS), fructo-oligosaccharides (FOS), mango 0.04%, blueberries 0.04%, apples 0.04%, strawberries 0.04%, carrots 0.04%, tomatoes 0.04%|Protein: 25%; Crude Fibres: 4.5%; Crude Oils and Fats: 18%; Crude Ash: 6.9%; Moisture: Not Stated; Omega (3 and/or 6): Not Stated; Calcium: Not Stated; Phosphorus: Not Stated|vitamin A 20,000 IU, vitamin D3 2,000 IU, vitamin E 350 mg, taurine 1000 mg. Iron (iron (II) sulphate monohydrate) 75 mg, iodine (potassium iodide) 3.5 mg, copper (copper (II) sulphate pentahydrate) 10 mg, manganese (manganous sulphate monohydrate) 7.5 mg, zinc (zinc oxide) 150 mg, selenium (sodium selenite) 0.15 mg|None Stated|None stated
5407009646591|Edgard & Cooper Dog Treat Large Bites Chicken|https://www.petsathome.com/product/edgard-and-cooper-dog-treat-large-bites-chicken/7151556P|https://cdn.petsathome.com/public/images/products/900_7151556.jpg||one-time purchase||pounds||5|6|Teach your dog essential skills with these tasty Chicken Bites. Low calorie, natural treats for dogs of all ages. This grain free recipe is ideal for guilt-free snacking and learning new things. Their Bites are crafted with a grain free recipe, featuring the finest cuts of fresh chicken for the tastiest, high-quality protein. A splurge of juicy blueberries and sweet apple add full-on flavour, and essential vitamins and minerals. Baked to perfection, these Bites are brimming with liplicking goodness.||All dogs|50g: H17 x W12.4 x D1cm|7151556|Fresh chicken 45%, pea starch, potato flour, vegetable glycerin, cellulose, pea fibre, chicken gravy, minerals, blueberries (dried) 0.05%, apple (dried) 0.05%|Protein: 18%, Crude Fibres: 4.5%, Crude Oils and Fats: 4.5%, Crude Ash: 5.8%, Moisture 20%, Omega (3 and/or 6) None stated, Calcium None stated, Phosphorus None stated|Nutritional Additives: None stated;  Trace Elements: None stated|None Stated|Antioxidants, preservatives
5407009640353|Edgard & Cooper Grain Free Adult Dry Cat Food Chicken|https://www.petsathome.com/product/edgard-and-cooper-grain-free-dry-adult-cat-food-chicken/7146234P|https://cdn.petsathome.com/public/images/products/3000_7146234P.jpg|Now £17.50 On Selected Edgard & Cooper Cat Food|17.50|21.99|pounds||5|2|Their free-range chicken kibble is a complete feast that's ideal for all adult cats, and sterilised ones too. It's packed with fresh meat which hasn't been powdered, pulverised or frazzled. Just the yummiest ingredients. With real food comes real flavour, and care for your cat's wellbeing. So they've packed their crunchy kibble full of fresh meat to support strong muscles, and added salmon oil to help keep coats healthy and shiny too. There's also taurine to support your cat's eyes and heart, and L-carnitine to help promote a healthy metabolism. Grain free and easy to digest is top of their list when it comes to happy cats. And there are no artificial colours, flavours and no added sugar here. Just a handful of herbs and fruits from mother nature, like cranberries, sage and valerian. Mmmiaow.||All adult cats ages 1 to 11 years, also sterilised ones.|2kg: H35.5 x W20 x D11cm|7146234|Fresh Free-Range Chicken 50%, Peas, Potato (Dried), Potato Starch, Potato Protein, Pea Protein, Minerals, Chicken Gravy, Chicken Fat, Linseed, Yeasts (Dried, Natural Source Of Mannanoligosaccharides (Mos) And Beta-Glucans) 1.5%, Chicory (Dried, Natural Source Of Fructooligosaccharides (Fos) And Inulin) 1%, Beetroot (Dried), Salmon Oil 0.5%, Cranberries (Dried) 0.003%, Sage (Dried) 0.003%, Valerian (Dried) 0.003%. Crude Protein 30%, Crude Fat 17%, Crude Fibre 2.5%, Crude Ash 7.5%, Moisture 6%, Omega 6 3.1%, Omega 3 0.9%, Calcium 1.1%, Phosphorus 0.9%. Vitamin A 20,000?Iu, Vitamin D3 1,750?Iu, Vitamin E 250Mg, Zinc (Zinc Sulphate, Monohydrate) 100Mg, Iron (Iron(Ii) Sulphate, Monohydrate) 70Mg, Iodine (Calcium Iodate, Anhydrous) 1.5Mg, Copper (Copper(Ii) Sulphate, Pentahydrate) 10Mg, Manganese (Manganous Sulphate, Monohydrate) 30Mg, Taurine 1,500Mg, Dl-Methionine 3,000Mg, L-Carnitine 100Mg|Protein: 30%; Crude Fibres: 2.5%; Crude Oils and Fats: 17%; Crude Ash: 7.5%; Moisture: 6%; Omega (3 and/or 6): Not Stated; Calcium: Not Stated; Phosphorus: Not Stated|None stated|None Stated|Vitamin A 20,000 IU, vitamin D3 1,750 IU, vitamin E 250mg, zinc (zinc sulphate, monohydrate) 100mg, iron (iron(II) sulphate, monohydrate) 70mg, iodine (calcium iodate, anhydrous) 1.5mg, copper (copper(II) sulphate, pentahydrate) 10mg, manganese (manganous sulphate, monohydrate) 30mg, taurine 1,500mg, DL-methionine 3,000mg, L-carnitine 100mg.
5407009640391|Edgard & Cooper Grain Free Adult Dry Cat Food Chicken|https://www.petsathome.com/product/edgard-and-cooper-grain-free-dry-adult-cat-food-chicken/7147401P|https://cdn.petsathome.com/public/images/products/3000_7147401P.jpg||one-time purchase||pounds||5|43|Our free-range chicken kibble is a complete, junk free feast that's ideal for all adult cats, and sterilised ones too. It's packed with fresh meat which hasn't been powdered, pulverised or frazzled. Just the yummiest ingredients. With real food comes real flavour, and care for your cat's wellbeing. So they've packed our crunchy kibble full of fresh meat to support strong muscles, and added salmon oil to help keep coats healthy and shiny too. There's also taurine to support your cat's eyes and heart, and L-carnitine to help promote a healthy metabolism. Grain free and easy to digest is top of the list when it comes to happy cats. And there are no artificial nasties and no added sugar here. Just a handful of herbs and fruits from mother nature, like cranberries, sage and valerian. Mmmiaow. All their kibble recipes are complete and balanced, so you can feed these recipes to your cat without needing any supplements. Move over to junk free food by increasing the amount of Edgard and Cooper and decreasing the amount of your current cat food over 10 days.||Adult cats of all breeds and sizes, including sterilised adult cats|4kg: H48 x W25 x D10cm|7147401|Fresh free-range chicken 50%, peas, potato (dried), potato starch, potato protein, pea protein, minerals, chicken gravy, chicken fat, linseed, yeasts (dried, natural source of mannanoligosaccharides (MOS) and beta-glucans) 1.5%, chicory (dried, natural source of fructooligosaccharides (FOS) and inulin) 1%, beetroot (dried), salmon oil 0.5%, cranberries (dried) 0.003%, sage (dried) 0.003%, valerian (dried) 0.003%|Protein: 30%; Crude Fibres: 2.5%; Crude Oils and Fats: 17%; Crude Ash: 7.5%; Moisture: 6%; Omega (3 and/or 6): Not Stated; Calcium: Not Stated; Phosphorus: Not Stated|Vitamin A 20,000 IU, vitamin D3 1,750 IU, vitamin E 250mg, zinc (zinc sulphate, monohydrate) 100mg, iron (iron(II) sulphate, monohydrate) 70mg, iodine (calcium iodate, anhydrous) 1.5mg, copper (copper(II) sulphate, pentahydrate) 10mg, manganese (manganous sulphate, monohydrate) 30mg, taurine 1,500mg, DL-methionine 3,000mg, L-carnitine 100mg.|None Stated|None stated
5407009641022|Edgard & Cooper Grain Free Adult Cat Wet Food Chunks Variety|https://www.petsathome.com/product/edgard-and-cooper-grain-free-wet-adult-cat-food-chunks-8-variety-pack-tin/7147400P|https://cdn.petsathome.com/public/images/products/3000_7147400P.jpg|Now £8 On Edgard & Cooper Grain Free Wet Adult Cat Food|8.00|9.99|pounds|680.0g|0||Tasty chunks in sauce will leave your cat's taste buds tingling. It's a complete, junk free recipe that's ideal for all adult cats and sterilised ones too. With juicy, varied recipes and pawlickingly good sauce they'll be miaowing for more in no time. They're picky when we think through our real food recipes, so they've packed this one full of protein to help maintain healthy muscles. And there isn't a whiff of artificial nasties or added sugar, so you know your furry friend is in caring hands. All their recipes are also grain free, easy to digest, and a trusty choice to help support trouble free tums. Last but by no means least, they've added a healthy blend of fruits and herbs, like cranberries, sage and turmeric, for even more yumminess. No more fussy felines, just plenty of purrs. All their chunks recipes are complete and balanced, so you can feed these recipes to your cat without needing any supplements. Move over to junk free food by increasing the amount of Edgard and Cooper and decreasing the amount of your current cat food over 10 days.||Adult cats of all breeds and sizes, including sterilised adult cats|8 x 85g: H14 x W14 x D7cm|7147400|This multipack contains the following recipes: Chicken, Salmon and Chicken, Lamb and Chicken, Turkey and ChickenChicken: free-run chicken 46%, beef 7%, minerals, sage (dried) 0.02%, turmeric (dried) 0.02%, cranberries (dried) 0.01%Salmon and Chicken: free-run chicken 37.5%, MSC* salmon 8.5%, beef 7%, minerals, basil (dried) 0.02%, dill (dried) 0.02%, cranberries (dried) 0.01%Lamb and Chicken: free-run chicken 40%, lamb 7%, beef 6%, minerals, sage (dried) 0.02%, turmeric (dried) 0.02%, cranberries (dried) 0.01%Turkey and Chicken: free-run turkey 26%, free-run chicken 20%, beef 7%, minerals, sage (dried) 0.02%, turmeric (dried) 0.02%, cranberries (dried) 0.01%|Protein: 9%; Crude Fibres: 0.2%; Crude Oils and Fats: 5%; Crude Ash: 2.5%; Moisture: 82%; Omega (3 and/or 6): Not Stated; Calcium: Not Stated; Phosphorus: Not Stated|Chicken: vitamin D3 320IU, vitamin E 30mg, zinc (zinc sulphate, monohydrate) 3.64mg, manganese (manganese(II) oxide) 1.63mg, iodine (potassium iodide) 0.15mg, taurine 400mg<br>Salmon and Chicken: vitamin E 30mg, zinc (zinc sulphate, monohydrate) 3.64mg, manganese (manganese(II) oxide) 1.63mg, iodine (potassium iodide) 0.15mg, taurine 400mg<br>Lamb and Chicken: vitamin D3 320IU, vitamin E 30mg, zinc (zinc sulphate, monohydrate) 3.64mg, manganese (manganese(II) oxide) 1.63mg, iodine (potassium iodide) 0.15mg, taurine 400mg<br>Turkey and Chicken: vitamin D3 320IU, vitamin E 30mg, zinc (zinc sulphate, monohydrate) 3.64mg, manganese (manganese(II) oxide) 1.63mg, iodine (potassium iodide) 0.15mg, taurine 400mg.|None Stated|None stated
3182551055672|Royal Canin Mini Dry Adult Dog Food|https://www.petsathome.com/product/royal-canin-mini-dry-adult-dog-food/19117P|https://cdn.petsathome.com/public/images/products/900_19117.jpg||one-time purchase||pounds||5|29|Royal Canin Mini Adult is a nutritionally complete and balanced formula specially designed to meet your small dogs particular needs and support them throughout their adult years. This diet is for small dogs that weigh up to 10kg and are over 10 months old. With its carefully adapted calorie content, this kibble meets your dogs high-energy needs while helping them maintain a healthy weight. It also contains a balance of nutrients that helps maintain strong and healthy bones. This formula features an enriching blend of vitamins and highly digestible nutrients, to help support maximal absorption and maintain optimal health support. Smaller dogs can be quite particular about their food. Not only does this food contain a selection of exclusive aromas to stimulate their appetite, but it's also adapted to fit their miniature jaws. This helps small dogs, even the fussiest eaters, get the essential nutrients they need. Royal Canin Mini Adult is also available in a Morsels In Gravy wet food texture. Mixing wet and dry food brings variety to your dogs diet, making their mealtimes more interesting and engaging.||Complete feed for dogs. adult small breed dogs (up to 10 kg) who are over 10 months old|2kg: H38 x W19 x D9cm|19117|Wheat flour, dehydrated poultry proteins, maize flour, animal fats, hydrolysed animal proteins, dehydrated pork proteins, maize, barley, maize gluten, wheat, minerals, beet pulp, soya oil, yeasts products, fructo-oligosaccharides, fish oil, algal oil Schizochytrium sp|Protein 27%, Crude Fibres 1.4%, Crude Oils and Fats 16%, Crude Ash 6.8%, Moisture Not stated, Omega (3 and/or 6) Not stated, Calcium Not stated, Phosphorus Not stated|Nutritional Additives:ADDITIVES (per kg): Nutritional Additives:Vitamin A: 15700 IU, Vitamin D3: 1000 IU, Iron (3b103): 38 mg, Iodine (3b201, 3b202): 3.8 mg, Copper (3b405, 3b406): 12 mg, Manganese (3b502, 3b504): 49 mg, Zinc (3b603, 3b605, 3b606): 128 mg, Selenium (3b801, 3b811, 3b812): 0.09 mg; Preservatives - Antioxidants;  Trace Elements: None stated|None Stated|None stated
3182551055719|Royal Canin Mini Dry Adult Dog Food|https://www.petsathome.com/product/royal-canin-mini-dry-adult-dog-food/P687|https://cdn.petsathome.com/public/images/products/900_P687.jpg||one-time purchase||pounds||5|77|Royal Canin Mini Adult is a nutritionally complete and balanced formula specially designed to meet your small dogs particular needs and support them throughout their adult years. This diet is for small dogs that weigh up to 10kg and are over 10 months old. With its carefully adapted calorie content, this kibble meets your dogs high-energy needs while helping them maintain a healthy weight. It also contains a balance of nutrients that helps maintain strong and healthy bones. This formula features an enriching blend of vitamins and highly digestible nutrients, to help support maximal absorption and maintain optimal health support. Smaller dogs can be quite particular about their food. Not only does this food contain a selection of exclusive aromas to stimulate their appetite, but it's also adapted to fit their miniature jaws. This helps small dogs, even the fussiest eaters, get the essential nutrients they need. Royal Canin Mini Adult is also available in a Morsels In Gravy wet food texture. Mixing wet and dry food brings variety to your dogs diet, making their mealtimes more interesting and engaging.||Complete feed for dogs. adult small breed dogs (up to 10 kg) who are over 10 months old||P687|Wheat flour, dehydrated poultry proteins, maize flour, animal fats, hydrolysed animal proteins, dehydrated pork proteins, maize, barley, maize gluten, wheat, minerals, beet pulp, soya oil, yeasts products, fructo-oligosaccharides, fish oil, algal oil Schizochytrium sp|Protein 27%, Crude Fibres 1.4%, Crude Oils and Fats 16%, Crude Ash 6.8%, Moisture Not stated, Omega (3 and/or 6) Not stated, Calcium Not stated, Phosphorus Not stated|Nutritional Additives:ADDITIVES (per kg): Nutritional Additives:Vitamin A: 15700 IU, Vitamin D3: 1000 IU, Iron (3b103): 38 mg, Iodine (3b201, 3b202): 3.8 mg, Copper (3b405, 3b406): 12 mg, Manganese (3b502, 3b504): 49 mg, Zinc (3b603, 3b605, 3b606): 128 mg, Selenium (3b801, 3b811, 3b812): 0.09 mg; Preservatives - Antioxidants;  Trace Elements: None stated|None Stated|None stated
9003579008362|Royal Canin Medium Breed Adult Wet Dog Food Chunks In Gravy|https://www.petsathome.com/product/royal-canin-medium-breed-wet-adult-dog-food-chunks-in-gravy-10-pouch/7132272P|https://cdn.petsathome.com/public/images/products/900_7132272.jpg|Now £14 On Selected Royal Canin Wet Dog Food Pouches|14.00|19.29|pounds|1400.0g|0||Royal Canin Medium Adult Chunks in Gravy is a nutritionally complete and balanced wet food diet specially designed to meet your medium-sized dogs particular needs and support them throughout their adult years. This diet is suitable for medium-sized dogs that weigh between 11 and 25kg and are over 10 months old. This formula is meticulously crafted to help maintain muscle mass thanks to its high-quality protein content. Medium-sized dogs tend to lead active lifestyles, which can expose them to various environmental factors that could weaken their immune system.||Complete feed for dogs - suitable for adult medium breed dogs (from 11 to 25 kg) from 12 months to 7 years old.|10 x 140g: H14.5 x W9.5 x D19.5cm|7132272|Meat and animal derivatives, oils and fats, cereals, derivatives of vegetable origin, vegetable protein extracts, minerals, yeasts, various sugars|Protein: 7.5%; Crude Fibres: 1.1%; Crude Oils and Fats: 5.5%; Crude Ash: 1.6%; Moisture: 81%; Omega (3 and/or 6): 0.1%; Calcium: Not Stated; Phosphorus: Not Stated|(per kg): Vitamin D3: 200 IU, E1 (Iron): 3mg, E2 (Iodine): 0.26mg, E4 (Copper): 2mg, E5 (Manganese): 1mg, E6 (Zinc): 10mg;  Trace Elements: None stated|None Stated|Clinoptilolite of sedimentary origin: 2g
3182550704625|Royal Canin Feline Indoor Adult Dry Cat Food|https://www.petsathome.com/product/royal-canin-feline-indoor-27-dry-adult-cat-food/28586P|https://cdn.petsathome.com/public/images/products/900_28586.jpg||one-time purchase||pounds||5|23|Indoor adult cats like yours tend to get less exercise than outdoor cats, that's why a balanced and complete diet containing beneficial nutrients is important for optimal health. Royal Canin Indoor 27 is specially formulated with the nutritional needs of your adult indoor cat in mind. ||Balanced and complete feed for cats - Specially for adult cats (from 1 to 7 years old) living indoors|2kg: H38 x W19 x D9cm|28586|Dehydrated poultry protein, rice, wheat, maize, vegetable protein isolate*, animal fats, hydrolysed animal proteins, wheat flour, vegetable fibres, beet pulp, yeasts and parts thereof, soya oil, minerals, fructo-oligo-saccharides, fish oil, psyllium husks and seeds (0.5%)|Protein: 27%; Crude Fibres: 4%; Crude Oils and Fats: 13%; Crude Ash: 7.3%; Moisture: Not Stated; Omega (3 and/or 6): Not Stated; Calcium: Not Stated; Phosphorus: Not Stated|Nutritional Additives:Additives (per kg): Nutritional Additives:Vitamin A: 13500IU, Vitamin D3: 700IU, E1 (Iron): 42mg, E2 (Iodine): 4.2mg, E4 (Copper): 13mg, E5 (Manganese): 55mg, E6 (Zinc): 164mg, E8 (Selenium): 0.09mg- Technological Additives:Clinoptilolite of sedimentary origin: 10g- Preservatives- Antioxidants.  Trace Elements: Not Stated|Not Stated|Not Stated
3182550706933|Royal Canin Feline Indoor Adult Dry Cat Food|https://www.petsathome.com/product/royal-canin-feline-indoor-27-dry-adult-cat-food/P679|https://cdn.petsathome.com/public/images/products/900_27156.jpg||one-time purchase||pounds||5|24|Indoor adult cats like yours tend to get less exercise than outdoor cats, that's why a balanced and complete diet containing beneficial nutrients is important for optimal health. Royal Canin Indoor 27 is specially formulated with the nutritional needs of your adult indoor cat in mind. ||Balanced and complete feed for cats - Specially for adult cats (from 1 to 7 years old) living indoors|4kg: H45 x W26 x D14cm|27156|Dehydrated poultry protein, rice, wheat, maize, vegetable protein isolate*, animal fats, hydrolysed animal proteins, wheat flour, vegetable fibres, beet pulp, yeasts and parts thereof, soya oil, minerals, fructo-oligo-saccharides, fish oil, psyllium husks and seeds (0.5%)|Protein: 27%; Crude Fibres: 4%; Crude Oils and Fats: 13%; Crude Ash: 7.3%; Moisture: Not Stated; Omega (3 and/or 6): Not Stated; Calcium: Not Stated; Phosphorus: Not Stated|Nutritional Additives (per kg): Vitamin A: 13500IU, Vitamin D3: 700IU, E1 (Iron): 42mg, E2 (Iodine): 4.2mg, E4 (Copper): 13mg, E5 (Manganese): 55mg, E6 (Zinc): 164mg, E8 (Selenium): 0.09mg- Technological Additives:Clinoptilolite of sedimentary origin: 10g- Preservatives- Antioxidants. Trace Elements: Not Stated|Not Stated|Not Stated
9003579013793|Royal Canin Feline Indoor Sterilised Wet Adult Cat Food In Gravy|https://www.petsathome.com/product/royal-canin-feline-health-indoor-sterilised-wet-adult-cat-food-in-gravy-12-pouches/7147411P|https://cdn.petsathome.com/public/images/products/900_7147411.jpg|Now £10.75 On Royal Canin Fhn Sterilised Gravy|10.75|13.49|pounds|1020.0g|5|3|Royal Canin Indoor Sterilised in Gravy is specially formulated with the nutritional needs of your indoor adult cat in mind. Royal Canin Indoor Sterilised in Gravy is specially formulated with specific nutrients that help to support healthy digestive functionality. What's more, this exclusive formula is also designed to help support your adult cat's urinary system for optimal comfort and health. Thanks to this diet's optimal macro nutritional profile - in other words, the protein to fat ratio, even the fussiest of felines can enjoy the excellent palatability of Royal Canin Indoor Sterilised in Gravy.||Adult cats aged 1 - 7 years old.|12 x 85g: H14.5 x W10 x D20cm|7147411|Meat and animal derivatives, cereals, derivatives of vegetable origin, oils and fats, minerals, various sugars|Protein: 9.7%; Crude Fibres: 0.9%; Crude Oils and Fats: 3.3%; Crude Ash: 1.8%; Moisture: 80.8%; Omega (3 and/or 6): Not Stated; Calcium: Not Stated; Phosphorus: Not Stated|Vitamin D3: 40 IU, Iron (3b103): 3 mg, Iodine (3b202): 0.3 mg, Copper (3b405, 3b406): 2.2 mg, Manganese (3b502, 3b503, 3b504): 1 mg, Zinc (3b603, 3b605, 3b606): 10 mg.|None Stated|Clinoptilolite of sedimentary origin: 2g
9003579013861|Royal Canin Feline Indoor Sterilised Wet Adult Cat Food Jelly|https://www.petsathome.com/product/royal-canin-feline-health-indoor-sterilised-wet-adult-cat-food-in-jelly-12-pouches/7147412P|https://cdn.petsathome.com/public/images/products/5000_7147412.png|Now £11.00 On Royal Canin Sterilised Jelly|11.00|13.99|pounds|1020.0g|5|1|Royal Canin Indoor Sterilised in Jelly is specially formulated with your indoor adult cat's nutritional needs in mind. This exclusive formula is packed with nutrients that help to stimulate and support good digestion, while also helping to maintain the health of your adult cat's urinary system. Thanks to its carefully selected nutrients, Royal Canin Indoor Sterilised in Jelly is tailored for optimal palatability to satisfy even the fussiest of felines. To cater to each cat's individual preferences, Royal Canin Indoor Sterilised in Jelly is also available in a delicious gravy.||Adult cats aged 1 - 7 years old.|12 x 85g: H14.5 x W10 x D20cm|7147412|Meat and animal derivatives, cereals, derivatives of vegetable origin, oils and fats, minerals, various sugars|Protein: 9.7%; Crude Fibres: 0.8%; Crude Oils and Fats: 3.3%; Crude Ash: 1.8%; Moisture: 80.9%; Omega (3 and/or 6): Not Stated; Calcium: Not Stated; Phosphorus: Not Stated|Vitamin D3: 60 IU, Iron (3b103): 3 mg, Iodine (3b202): 0.3 mg, Copper (3b405, 3b406): 2 mg, Manganese (3b502, 3b503, 3b504): 1 mg, Zinc (3b603, 3b605, 3b606): 10 mg.|None Stated|Clinoptilolite of sedimentary origin: 1.9g
