order_id,total_value,processed
1,0.0,no
2,0.0,no
3,0.0,no
4,0.0,no
5,0.0,no
6,0.0,no
7,0.0,no
8,0.0,no
9,0.0,no
10,0.0,no
11,0.0,no
12,0.0,no
13,4399.93,yes
14,0.0,no
15,0.0,no
16,0.0,no
17,0.0,no
18,0.0,no
19,0.0,no
20,0.0,no
21,0.0,no
22,0.0,no
23,3589.9199999999996,yes
24,4199.9400000000005,yes
25,0.0,no
26,0.0,no
27,1759.97,yes
28,0.0,no
29,0.0,no
30,0.0,no
31,0.0,no
32,0.0,no
33,0.0,no
34,0.0,no
35,0.0,no
36,0.0,no
37,0.0,no
38,0.0,no
39,0.0,no
40,0.0,no
41,0.0,no
42,0.0,no
43,1999.98,yes
44,0.0,no
45,0.0,no
46,0.0,no
47,0.0,no
48,0.0,no
49,0.0,no
50,0.0,no
51,0.0,no
52,0.0,no
53,0.0,no
54,0.0,no
55,0.0,no
56,2029.97,yes
57,0.0,no
58,0.0,no
59,0.0,no
60,0.0,no
61,2089.95,yes
62,1199.98,yes
63,3499.96,yes
64,0.0,no
65,0.0,no
66,0.0,no
67,0.0,no
68,0.0,no
69,0.0,no
70,0.0,no
71,0.0,no
72,0.0,no
73,0.0,no
74,0.0,no
75,3489.92,yes
76,0.0,no
77,4899.92,yes
78,0.0,no
79,0.0,no
80,2559.9500000000003,yes
81,0.0,no
82,0.0,no
83,0.0,no
84,0.0,no
85,0.0,no
86,0.0,no
87,0.0,no
88,0.0,no
89,4099.950000000001,yes
90,0.0,no
91,0.0,no
92,0.0,no
93,0.0,no
94,0.0,no
95,0.0,no
96,0.0,no
97,0.0,no
98,0.0,no
99,0.0,no
100,0.0,no
101,2269.9199999999996,yes
102,0.0,no
103,4619.92,yes
104,0.0,no
105,0.0,no
106,0.0,no
107,0.0,no
108,0.0,no
109,0.0,no
110,0.0,no
111,0.0,no
112,0.0,no
113,1999.98,yes
114,0.0,no
115,0.0,no
116,0.0,no
117,3699.96,yes
118,0.0,no
119,0.0,no
120,0.0,no
121,0.0,no
122,0.0,no
123,0.0,no
124,2899.94,yes
125,0.0,no
126,0.0,no
127,0.0,no
128,0.0,no
129,0.0,no
130,0.0,no
131,0.0,no
132,1489.94,yes
133,0.0,no
134,0.0,no
135,0.0,no
136,0.0,no
137,0.0,no
138,0.0,no
139,0.0,no
140,2459.9500000000003,yes
141,0.0,no
142,0.0,no
143,0.0,no
144,0.0,no
145,0.0,no
146,0.0,no
147,0.0,no
148,0.0,no
149,0.0,no
150,0.0,no
151,0.0,no
152,2999.9700000000003,yes
153,0.0,no
154,0.0,no
155,0.0,no
156,0.0,no
157,0.0,no
158,0.0,no
159,1149.96,yes
160,0.0,no
161,2599.95,yes
162,0.0,no
163,0.0,no
164,0.0,no
165,1029.98,yes
166,0.0,no
167,0.0,no
168,1459.95,yes
169,0.0,no
170,0.0,no
171,0.0,no
172,0.0,no
173,0.0,no
174,0.0,no
175,0.0,no
176,0.0,no
177,3239.92,yes
178,0.0,no
179,0.0,no
180,0.0,no
181,0.0,no
182,0.0,no
183,0.0,no
184,2999.9700000000003,yes
185,0.0,no
186,0.0,no
187,0.0,no
188,0.0,no
189,0.0,no
190,1599.96,yes
191,0.0,no
192,0.0,no
193,0.0,no
194,0.0,no
195,0.0,no
196,0.0,no
197,0.0,no
198,0.0,no
199,0.0,no
200,0.0,no
201,0.0,no
202,2399.9700000000003,yes
203,0.0,no
204,0.0,no
205,2459.95,yes
206,0.0,no
207,999.99,yes
208,0.0,no
209,0.0,no
210,0.0,no
211,0.0,no
212,999.99,yes
213,0.0,no
214,0.0,no
215,0.0,no
216,0.0,no
217,0.0,no
218,0.0,no
219,2559.96,yes
220,0.0,no
221,0.0,no
222,0.0,no
223,0.0,no
224,0.0,no
225,3599.95,yes
226,0.0,no
227,0.0,no
228,0.0,no
229,2899.9500000000003,yes
230,0.0,no
231,0.0,no
232,0.0,no
233,0.0,no
234,0.0,no
235,0.0,no
236,1209.94,yes
237,3659.9200000000005,yes
238,0.0,no
239,0.0,no
240,2199.9700000000003,yes
241,0.0,no
242,0.0,no
243,0.0,no
244,0.0,no
245,0.0,no
246,0.0,no
247,0.0,no
248,0.0,no
249,0.0,no
250,0.0,no
251,2999.96,yes
252,0.0,no
253,2399.96,yes
254,0.0,no
255,0.0,no
256,0.0,no
257,3149.94,yes
258,999.99,yes
259,2059.97,yes
260,0.0,no
261,0.0,no
262,4579.92,yes
263,3179.94,yes
264,1059.98,yes
265,0.0,no
266,0.0,no
267,2499.9700000000003,yes
268,4099.950000000001,yes
269,0.0,no
270,1429.96,yes
271,0.0,no
272,0.0,no
273,0.0,no
274,0.0,no
275,0.0,no
276,0.0,no
277,0.0,no
278,0.0,no
279,0.0,no
280,0.0,no
281,0.0,no
282,0.0,no
283,0.0,no
284,0.0,no
285,0.0,no
286,0.0,no
287,0.0,no
288,0.0,no
289,0.0,no
290,0.0,no
291,0.0,no
292,0.0,no
293,3599.9400000000005,yes
294,0.0,no
295,0.0,no
296,0.0,no
297,0.0,no
298,0.0,no
299,0.0,no
300,0.0,no
301,0.0,no
302,0.0,no
303,0.0,no
304,0.0,no
305,0.0,no
306,0.0,no
307,0.0,no
308,0.0,no
309,0.0,no
310,0.0,no
311,1679.95,yes
312,0.0,no
313,3059.95,yes
314,0.0,no
315,0.0,no
316,4499.93,yes
317,0.0,no
318,0.0,no
319,0.0,no
320,3399.95,yes
321,0.0,no
322,0.0,no
323,0.0,no
324,0.0,no
325,0.0,no
326,0.0,no
327,0.0,no
328,0.0,no
329,0.0,no
330,0.0,no
331,3659.9300000000003,yes
332,0.0,no
333,0.0,no
334,2999.9700000000003,yes
335,5279.910000000001,yes
336,0.0,no
337,0.0,no
338,0.0,no
339,0.0,no
340,0.0,no
341,0.0,no
342,0.0,no
343,0.0,no
344,0.0,no
345,0.0,no
346,0.0,no
347,0.0,no
348,0.0,no
349,0.0,no
350,0.0,no
351,0.0,no
352,0.0,no
353,0.0,no
354,0.0,no
355,0.0,no
356,0.0,no
357,0.0,no
358,0.0,no
359,0.0,no
360,0.0,no
361,0.0,no
362,0.0,no
363,0.0,no
364,0.0,no
365,0.0,no
366,0.0,no
367,0.0,no
368,0.0,no
369,2579.93,yes
370,0.0,no
371,0.0,no
372,2499.96,yes
373,0.0,no
374,0.0,no
375,0.0,no
376,0.0,no
377,0.0,no
378,0.0,no
379,0.0,no
380,3179.94,yes
381,0.0,no
382,0.0,no
383,0.0,no
384,0.0,no
385,2099.96,yes
386,0.0,no
387,0.0,no
388,0.0,no
389,0.0,no
390,3589.92,yes
391,0.0,no
392,0.0,no
393,0.0,no
394,0.0,no
395,0.0,no
396,0.0,no
397,0.0,no
398,0.0,no
399,0.0,no
400,0.0,no
401,0.0,no
402,0.0,no
403,0.0,no
404,0.0,no
405,0.0,no
406,0.0,no
407,0.0,no
408,0.0,no
409,0.0,no
410,1029.98,yes
411,0.0,no
412,0.0,no
413,0.0,no
414,4899.92,yes
415,0.0,no
416,0.0,no
417,0.0,no
418,0.0,no
419,3819.94,yes
420,0.0,no
421,0.0,no
422,0.0,no
423,0.0,no
424,2459.94,yes
425,0.0,no
426,0.0,no
427,0.0,no
428,0.0,no
429,0.0,no
430,0.0,no
431,0.0,no
432,0.0,no
433,0.0,no
434,0.0,no
435,0.0,no
436,0.0,no
437,3279.93,yes
438,0.0,no
439,0.0,no
440,0.0,no
441,0.0,no
442,0.0,no
443,0.0,no
444,0.0,no
445,0.0,no
446,0.0,no
447,0.0,no
448,4219.93,yes
449,0.0,no
450,0.0,no
451,0.0,no
452,2589.9399999999996,yes
453,0.0,no
454,0.0,no
455,3579.9300000000003,yes
456,0.0,no
457,1779.93,yes
458,0.0,no
459,0.0,no
460,0.0,no
461,0.0,no
462,0.0,no
463,0.0,no
464,0.0,no
465,0.0,no
466,0.0,no
467,0.0,no
468,0.0,no
469,3599.9300000000003,yes
470,0.0,no
471,0.0,no
472,0.0,no
473,0.0,no
474,0.0,no
475,0.0,no
476,0.0,no
477,999.99,yes
478,0.0,no
479,0.0,no
480,0.0,no
481,0.0,no
482,0.0,no
483,0.0,no
484,0.0,no
485,0.0,no
486,0.0,no
487,0.0,no
488,1029.98,yes
489,0.0,no
490,0.0,no
491,0.0,no
492,0.0,no
493,1759.96,yes
494,0.0,no
495,0.0,no
496,0.0,no
497,0.0,no
498,0.0,no
499,0.0,no
500,0.0,no
501,0.0,no
502,1399.97,yes
503,0.0,no
504,0.0,no
505,0.0,no
506,0.0,no
507,0.0,no
508,2399.96,yes
509,0.0,no
510,0.0,no
511,1089.96,yes
512,0.0,no
513,0.0,no
514,0.0,no
515,0.0,no
516,0.0,no
517,0.0,no
518,1999.97,yes
519,0.0,no
520,0.0,no
521,2089.95,yes
522,0.0,no
523,0.0,no
524,0.0,no
525,0.0,no
526,0.0,no
527,0.0,no
528,0.0,no
529,0.0,no
530,0.0,no
531,0.0,no
532,0.0,no
533,0.0,no
534,0.0,no
535,0.0,no
536,0.0,no
537,0.0,no
538,0.0,no
539,0.0,no
540,0.0,no
541,0.0,no
542,3629.9300000000003,yes
543,0.0,no
544,0.0,no
545,0.0,no
546,4099.950000000001,yes
547,0.0,no
548,0.0,no
549,0.0,no
550,0.0,no
551,0.0,no
552,0.0,no
553,0.0,no
554,3179.94,yes
555,0.0,no
556,0.0,no
557,0.0,no
558,0.0,no
559,0.0,no
560,0.0,no
561,0.0,no
562,0.0,no
563,0.0,no
564,0.0,no
565,0.0,no
566,0.0,no
567,0.0,no
568,0.0,no
569,1699.97,yes
570,0.0,no
571,0.0,no
572,0.0,no
573,0.0,no
574,2999.9700000000003,yes
575,0.0,no
576,4599.92,yes
577,0.0,no
578,0.0,no
579,0.0,no
580,0.0,no
581,0.0,no
582,0.0,no
583,5599.93,yes
584,0.0,no
585,0.0,no
586,0.0,no
587,0.0,no
588,0.0,no
589,0.0,no
590,0.0,no
591,1199.98,yes
592,0.0,no
593,0.0,no
594,0.0,no
595,0.0,no
596,0.0,no
597,0.0,no
598,2999.9700000000003,yes
599,0.0,no
600,0.0,no
601,3899.9300000000003,yes
602,0.0,no
603,0.0,no
604,2679.94,yes
605,0.0,no
606,0.0,no
607,0.0,no
608,1559.96,yes
609,0.0,no
610,0.0,no
611,0.0,no
612,0.0,no
613,0.0,no
614,0.0,no
615,0.0,no
616,0.0,no
617,0.0,no
618,0.0,no
619,0.0,no
620,999.99,yes
621,0.0,no
622,0.0,no
623,0.0,no
624,4429.9400000000005,yes
625,0.0,no
626,0.0,no
627,4599.9400000000005,yes
628,0.0,no
629,0.0,no
630,0.0,no
631,2999.9700000000003,yes
632,0.0,no
633,0.0,no
634,0.0,no
635,0.0,no
636,0.0,no
637,0.0,no
638,0.0,no
639,2209.94,yes
640,0.0,no
641,0.0,no
642,0.0,no
643,3209.93,yes
644,1999.98,yes
645,3579.92,yes
646,1119.97,yes
647,4179.92,yes
648,0.0,no
649,0.0,no
650,0.0,no
651,0.0,no
652,1699.98,yes
653,0.0,no
654,0.0,no
655,999.99,yes
656,2679.9300000000003,yes
657,5199.93,yes
658,0.0,no
659,3399.96,yes
660,0.0,no
661,0.0,no
662,0.0,no
663,0.0,no
664,0.0,no
665,0.0,no
666,0.0,no
667,0.0,no
668,0.0,no
669,0.0,no
670,0.0,no
671,0.0,no
672,0.0,no
673,0.0,no
674,0.0,no
675,0.0,no
676,0.0,no
677,0.0,no
678,0.0,no
679,1059.97,yes
680,0.0,no
681,0.0,no
682,0.0,no
683,0.0,no
684,0.0,no
685,0.0,no
686,0.0,no
687,0.0,no
688,0.0,no
689,0.0,no
690,3119.9500000000003,yes
691,0.0,no
692,0.0,no
693,0.0,no
694,0.0,no
695,0.0,no
696,2999.9700000000003,yes
697,0.0,no
698,2999.9700000000003,yes
699,0.0,no
700,0.0,no
701,0.0,no
702,0.0,no
703,0.0,no
704,0.0,no
705,0.0,no
706,0.0,no
707,1599.96,yes
708,0.0,no
709,0.0,no
710,0.0,no
711,0.0,no
712,0.0,no
713,4119.93,yes
714,0.0,no
715,0.0,no
716,0.0,no
717,0.0,no
718,0.0,no
719,1999.98,yes
720,0.0,no
721,0.0,no
722,2659.9399999999996,yes
723,0.0,no
724,0.0,no
725,0.0,no
726,4599.92,yes
727,0.0,no
728,0.0,no
729,0.0,no
730,0.0,no
731,0.0,no
732,0.0,no
733,0.0,no
734,4489.920000000001,yes
735,0.0,no
736,0.0,no
737,0.0,no
738,0.0,no
739,2999.9700000000003,yes
740,0.0,no
741,0.0,no
742,0.0,no
743,0.0,no
744,3779.9100000000003,yes
745,1779.93,yes
746,0.0,no
747,0.0,no
748,0.0,no
749,0.0,no
750,0.0,no
751,0.0,no
752,0.0,no
753,1499.98,yes
754,0.0,no
755,0.0,no
756,0.0,no
757,0.0,no
758,0.0,no
759,0.0,no
760,0.0,no
761,0.0,no
762,0.0,no
763,0.0,no
764,0.0,no
765,0.0,no
766,0.0,no
767,0.0,no
768,0.0,no
769,3529.95,yes
770,0.0,no
771,0.0,no
772,0.0,no
773,0.0,no
774,0.0,no
775,0.0,no
776,0.0,no
777,0.0,no
778,0.0,no
779,0.0,no
780,0.0,no
781,0.0,no
782,0.0,no
783,0.0,no
784,0.0,no
785,0.0,no
786,0.0,no
787,0.0,no
788,0.0,no
789,0.0,no
790,0.0,no
791,999.99,yes
792,0.0,no
793,0.0,no
794,2179.95,yes
795,0.0,no
796,0.0,no
797,0.0,no
798,0.0,no
799,0.0,no
800,0.0,no
801,0.0,no
802,0.0,no
803,1149.95,yes
804,0.0,no
805,0.0,no
806,2599.95,yes
807,0.0,no
808,0.0,no
809,0.0,no
810,2299.95,yes
811,0.0,no
812,0.0,no
813,0.0,no
814,2799.95,yes
815,0.0,no
816,0.0,no
817,0.0,no
818,0.0,no
819,0.0,no
820,1489.94,yes
821,0.0,no
822,3179.94,yes
823,0.0,no
824,0.0,no
825,3699.96,yes
826,0.0,no
827,0.0,no
828,0.0,no
829,0.0,no
830,0.0,no
831,0.0,no
832,1119.96,yes
833,0.0,no
834,0.0,no
835,0.0,no
836,0.0,no
837,0.0,no
838,0.0,no
839,0.0,no
840,2999.9700000000003,yes
841,0.0,no
842,3399.96,yes
843,2999.9700000000003,yes
844,0.0,no
845,0.0,no
846,0.0,no
847,0.0,no
848,2229.96,yes
849,0.0,no
850,0.0,no
851,0.0,no
852,0.0,no
853,0.0,no
854,0.0,no
855,0.0,no
856,0.0,no
857,0.0,no
858,0.0,no
859,0.0,no
860,0.0,no
861,2699.9700000000003,yes
862,1999.98,yes
863,3159.9400000000005,yes
864,0.0,no
865,0.0,no
866,0.0,no
867,0.0,no
868,0.0,no
869,0.0,no
870,0.0,no
871,0.0,no
872,0.0,no
873,3619.9300000000003,yes
874,0.0,no
875,0.0,no
876,0.0,no
877,0.0,no
878,2999.9700000000003,yes
879,3099.96,yes
880,4559.93,yes
881,0.0,no
882,0.0,no
883,0.0,no
884,0.0,no
885,0.0,no
886,0.0,no
887,0.0,no
888,0.0,no
889,0.0,no
890,0.0,no
891,0.0,no
892,0.0,no
893,0.0,no
894,0.0,no
895,0.0,no
896,0.0,no
897,0.0,no
898,0.0,no
899,0.0,no
900,0.0,no
901,0.0,no
902,1399.97,yes
903,3519.9300000000003,yes
904,0.0,no
905,0.0,no
906,0.0,no
907,0.0,no
908,0.0,no
909,0.0,no
910,0.0,no
911,0.0,no
912,0.0,no
913,0.0,no
914,0.0,no
915,0.0,no
916,3499.95,yes
917,0.0,no
918,0.0,no
919,0.0,no
920,3179.94,yes
921,0.0,no
922,0.0,no
923,0.0,no
924,2559.94,yes
925,0.0,no
926,5219.92,yes
927,0.0,no
928,0.0,no
929,0.0,no
930,0.0,no
931,0.0,no
932,0.0,no
933,0.0,no
934,0.0,no
935,0.0,no
936,0.0,no
937,3289.9300000000003,yes
938,0.0,no
939,0.0,no
940,0.0,no
941,0.0,no
942,0.0,no
943,0.0,no
944,0.0,no
945,0.0,no
946,4589.910000000001,yes
947,0.0,no
948,0.0,no
949,0.0,no
950,0.0,no
951,0.0,no
952,0.0,no
953,0.0,no
954,0.0,no
955,0.0,no
956,0.0,no
957,0.0,no
958,2209.93,yes
959,0.0,no
960,0.0,no
961,0.0,no
962,0.0,no
963,0.0,no
964,0.0,no
965,0.0,no
966,0.0,no
967,0.0,no
968,0.0,no
969,0.0,no
970,2059.97,yes
971,0.0,no
972,0.0,no
973,0.0,no
974,0.0,no
975,0.0,no
976,0.0,no
977,0.0,no
978,0.0,no
979,0.0,no
980,0.0,no
981,3119.94,yes
982,0.0,no
983,0.0,no
984,0.0,no
985,0.0,no
986,0.0,no
987,0.0,no
988,0.0,no
989,1999.98,yes
990,0.0,no
991,999.99,yes
992,0.0,no
993,0.0,no
994,0.0,no
995,0.0,no
996,4199.9400000000005,yes
997,0.0,no
998,0.0,no
999,0.0,no
1000,0.0,no
1001,2209.9399999999996,yes
1002,0.0,no
1003,0.0,no
1004,0.0,no
1005,2699.9700000000003,yes
1006,0.0,no
1007,0.0,no
1008,0.0,no
1009,0.0,no
1010,0.0,no
1011,0.0,no
1012,0.0,no
1013,0.0,no
1014,0.0,no
1015,0.0,no
1016,4699.9400000000005,yes
1017,0.0,no
1018,0.0,no
1019,0.0,no
1020,0.0,no
1021,0.0,no
1022,2499.96,yes
1023,2399.96,yes
1024,0.0,no
1025,999.99,yes
1026,0.0,no
1027,0.0,no
1028,1999.98,yes
1029,0.0,no
1030,0.0,no
1031,0.0,no
1032,0.0,no
1033,0.0,no
1034,0.0,no
1035,0.0,no
1036,0.0,no
1037,0.0,no
1038,0.0,no
1039,0.0,no
1040,4099.93,yes
1041,2399.96,yes
1042,0.0,no
1043,0.0,no
1044,0.0,no
1045,0.0,no
1046,0.0,no
1047,0.0,no
1048,0.0,no
1049,0.0,no
1050,0.0,no
1051,0.0,no
1052,0.0,no
1053,999.99,yes
1054,0.0,no
1055,0.0,no
1056,0.0,no
1057,0.0,no
1058,0.0,no
1059,0.0,no
1060,2589.93,yes
1061,0.0,no
1062,0.0,no
1063,0.0,no
1064,0.0,no
1065,0.0,no
1066,0.0,no
1067,0.0,no
1068,0.0,no
1069,2029.97,yes
1070,0.0,no
1071,0.0,no
1072,0.0,no
1073,0.0,no
1074,0.0,no
1075,0.0,no
1076,0.0,no
1077,0.0,no
1078,2599.96,yes
1079,0.0,no
1080,0.0,no
1081,0.0,no
1082,0.0,no
1083,0.0,no
1084,0.0,no
1085,0.0,no
1086,0.0,no
1087,0.0,no
1088,0.0,no
1089,0.0,no
1090,0.0,no
1091,0.0,no
1092,0.0,no
1093,0.0,no
1094,0.0,no
1095,0.0,no
1096,0.0,no
1097,0.0,no
1098,0.0,no
1099,0.0,no
1100,0.0,no
1101,2199.9700000000003,yes
1102,1179.96,yes
1103,0.0,no
1104,4699.9400000000005,yes
1105,3149.94,yes
1106,2689.92,yes
1107,0.0,no
1108,0.0,no
1109,0.0,no
1110,0.0,no
1111,0.0,no
1112,0.0,no
1113,0.0,no
1114,0.0,no
1115,0.0,no
1116,1149.95,yes
1117,0.0,no
1118,0.0,no
1119,5599.93,yes
1120,0.0,no
1121,0.0,no
1122,0.0,no
1123,0.0,no
1124,0.0,no
1125,0.0,no
1126,0.0,no
1127,0.0,no
1128,0.0,no
1129,1999.98,yes
1130,0.0,no
1131,1659.95,yes
1132,0.0,no
1133,0.0,no
1134,0.0,no
1135,0.0,no
1136,0.0,no
1137,0.0,no
1138,0.0,no
1139,2699.96,yes
1140,0.0,no
1141,0.0,no
1142,0.0,no
1143,0.0,no
1144,0.0,no
1145,0.0,no
1146,2759.95,yes
1147,0.0,no
1148,0.0,no
1149,0.0,no
1150,0.0,no
1151,0.0,no
1152,0.0,no
1153,0.0,no
1154,0.0,no
1155,0.0,no
1156,0.0,no
1157,0.0,no
1158,0.0,no
1159,0.0,no
1160,0.0,no
1161,0.0,no
1162,0.0,no
1163,0.0,no
1164,0.0,no
1165,0.0,no
1166,0.0,no
1167,0.0,no
1168,2119.96,yes
1169,0.0,no
1170,0.0,no
1171,0.0,no
1172,0.0,no
1173,0.0,no
1174,0.0,no
1175,0.0,no
1176,2399.9700000000003,yes
1177,0.0,no
1178,0.0,no
1179,0.0,no
1180,0.0,no
1181,0.0,no
1182,0.0,no
1183,0.0,no
1184,0.0,no
1185,0.0,no
1186,0.0,no
1187,0.0,no
1188,0.0,no
1189,0.0,no
1190,0.0,no
1191,0.0,no
1192,0.0,no
1193,0.0,no
1194,0.0,no
1195,2499.9700000000003,yes
1196,0.0,no
1197,0.0,no
1198,0.0,no
1199,2029.97,yes
1200,4189.920000000001,yes
1201,0.0,no
1202,0.0,no
1203,0.0,no
1204,1059.97,yes
1205,0.0,no
1206,0.0,no
1207,0.0,no
1208,0.0,no
1209,1059.97,yes
1210,0.0,no
1211,5599.93,yes
1212,0.0,no
1213,0.0,no
1214,0.0,no
1215,0.0,no
1216,0.0,no
1217,0.0,no
1218,0.0,no
1219,0.0,no
1220,0.0,no
1221,0.0,no
1222,0.0,no
1223,3619.9400000000005,yes
1224,0.0,no
1225,0.0,no
1226,0.0,no
1227,0.0,no
1228,0.0,no
1229,0.0,no
1230,0.0,no
1231,0.0,no
1232,0.0,no
1233,0.0,no
1234,1229.97,yes
1235,0.0,no
1236,0.0,no
1237,0.0,no
1238,0.0,no
1239,0.0,no
1240,0.0,no
1241,0.0,no
1242,0.0,no
1243,0.0,no
1244,1999.98,yes
1245,0.0,no
1246,0.0,no
1247,0.0,no
1248,0.0,no
1249,0.0,no
1250,1059.97,yes
1251,0.0,no
1252,0.0,no
1253,0.0,no
1254,0.0,no
1255,0.0,no
1256,0.0,no
1257,0.0,no
1258,0.0,no
1259,0.0,no
1260,0.0,no
1261,0.0,no
1262,0.0,no
1263,0.0,no
1264,0.0,no
1265,0.0,no
1266,0.0,no
1267,3589.9199999999996,yes
1268,0.0,no
1269,0.0,no
1270,0.0,no
1271,0.0,no
1272,0.0,no
1273,0.0,no
1274,0.0,no
1275,1499.98,yes
1276,0.0,no
1277,0.0,no
1278,0.0,no
1279,0.0,no
1280,0.0,no
1281,0.0,no
1282,0.0,no
1283,0.0,no
1284,0.0,no
1285,0.0,no
1286,0.0,no
1287,3399.9500000000003,yes
1288,3099.96,yes
1289,0.0,no
1290,0.0,no
1291,1059.97,yes
1292,0.0,no
1293,0.0,no
1294,3589.92,yes
1295,0.0,no
1296,0.0,no
1297,0.0,no
1298,0.0,no
1299,0.0,no
1300,0.0,no
1301,0.0,no
1302,0.0,no
1303,1689.93,yes
1304,0.0,no
1305,0.0,no
1306,0.0,no
1307,0.0,no
1308,0.0,no
1309,1029.98,yes
1310,0.0,no
1311,0.0,no
1312,0.0,no
1313,0.0,no
1314,0.0,no
1315,3489.93,yes
1316,1999.98,yes
1317,0.0,no
1318,0.0,no
1319,0.0,no
1320,0.0,no
1321,0.0,no
1322,0.0,no
1323,0.0,no
1324,0.0,no
1325,0.0,no
1326,0.0,no
1327,0.0,no
1328,0.0,no
1329,0.0,no
1330,0.0,no
1331,0.0,no
1332,0.0,no
1333,0.0,no
1334,0.0,no
1335,0.0,no
1336,0.0,no
1337,0.0,no
1338,0.0,no
1339,0.0,no
1340,0.0,no
1341,0.0,no
1342,0.0,no
1343,0.0,no
1344,0.0,no
1345,0.0,no
1346,1179.95,yes
1347,0.0,no
1348,0.0,no
1349,0.0,no
1350,3029.95,yes
1351,0.0,no
1352,0.0,no
1353,0.0,no
1354,0.0,no
1355,1999.98,yes
1356,0.0,no
1357,0.0,no
1358,0.0,no
1359,0.0,no
1360,0.0,no
1361,0.0,no
1362,0.0,no
1363,0.0,no
1364,0.0,no
1365,0.0,no
1366,0.0,no
1367,0.0,no
1368,0.0,no
1369,2499.96,yes
1370,0.0,no
1371,0.0,no
1372,2399.96,yes
1373,0.0,no
1374,2259.95,yes
1375,0.0,no
1376,0.0,no
1377,0.0,no
1378,0.0,no
1379,0.0,no
1380,0.0,no
1381,0.0,no
1382,4399.950000000001,yes
1383,0.0,no
1384,0.0,no
1385,0.0,no
1386,0.0,no
1387,0.0,no
1388,0.0,no
1389,0.0,no
1390,0.0,no
1391,3499.96,yes
1392,0.0,no
1393,0.0,no
1394,0.0,no
1395,0.0,no
1396,0.0,no
1397,0.0,no
1398,0.0,no
1399,0.0,no
1400,0.0,no
1401,0.0,no
1402,0.0,no
1403,0.0,no
1404,0.0,no
1405,999.99,yes
1406,0.0,no
1407,0.0,no
1408,0.0,no
1409,0.0,no
1410,0.0,no
1411,0.0,no
1412,999.99,yes
1413,0.0,no
1414,0.0,no
1415,0.0,no
1416,1239.94,yes
1417,0.0,no
1418,0.0,no
1419,1999.98,yes
1420,0.0,no
1421,0.0,no
1422,0.0,no
1423,0.0,no
1424,0.0,no
1425,0.0,no
1426,0.0,no
1427,0.0,no
1428,0.0,no
1429,0.0,no
1430,2999.9700000000003,yes
1431,0.0,no
1432,0.0,no
1433,0.0,no
1434,0.0,no
1435,0.0,no
1436,0.0,no
1437,0.0,no
1438,0.0,no
1439,2119.95,yes
1440,0.0,no
1441,2999.9700000000003,yes
1442,2199.9700000000003,yes
1443,0.0,no
1444,3059.94,yes
1445,0.0,no
1446,0.0,no
1447,0.0,no
1448,3199.95,yes
1449,0.0,no
1450,0.0,no
1451,4499.9400000000005,yes
1452,0.0,no
1453,0.0,no
1454,1999.97,yes
1455,0.0,no
1456,0.0,no
1457,0.0,no
1458,0.0,no
1459,2879.9399999999996,yes
1460,0.0,no
1461,0.0,no
1462,0.0,no
1463,0.0,no
1464,0.0,no
1465,0.0,no
1466,0.0,no
1467,0.0,no
1468,2059.97,yes
1469,0.0,no
1470,0.0,no
1471,0.0,no
1472,0.0,no
1473,0.0,no
1474,2679.94,yes
1475,3589.93,yes
1476,0.0,no
1477,0.0,no
1478,0.0,no
1479,0.0,no
1480,0.0,no
1481,0.0,no
1482,999.99,yes
1483,0.0,no
1484,2599.95,yes
1485,0.0,no
1486,0.0,no
1487,0.0,no
1488,0.0,no
1489,5099.9400000000005,yes
1490,0.0,no
1491,0.0,no
1492,3659.9200000000005,yes
1493,0.0,no
1494,4159.93,yes
1495,0.0,no
1496,0.0,no
1497,0.0,no
1498,0.0,no
1499,0.0,no
1500,0.0,no
1501,0.0,no
1502,0.0,no
1503,0.0,no
1504,999.99,yes
1505,0.0,no
1506,0.0,no
1507,0.0,no
1508,0.0,no
1509,0.0,no
1510,0.0,no
1511,0.0,no
1512,0.0,no
1513,0.0,no
1514,0.0,no
1515,0.0,no
1516,2499.96,yes
1517,0.0,no
1518,0.0,no
1519,0.0,no
1520,0.0,no
1521,0.0,no
1522,0.0,no
1523,0.0,no
1524,0.0,no
1525,0.0,no
1526,3599.93,yes
1527,3059.96,yes
1528,5129.93,yes
1529,0.0,no
1530,0.0,no
1531,3399.9500000000003,yes
1532,0.0,no
1533,0.0,no
1534,0.0,no
1535,0.0,no
1536,0.0,no
1537,0.0,no
1538,0.0,no
1539,0.0,no
1540,999.99,yes
1541,0.0,no
1542,0.0,no
1543,0.0,no
1544,0.0,no
1545,0.0,no
1546,1999.98,yes
1547,0.0,no
1548,0.0,no
1549,0.0,no
1550,1659.95,yes
1551,0.0,no
1552,0.0,no
1553,0.0,no
1554,0.0,no
1555,0.0,no
1556,0.0,no
1557,0.0,no
1558,0.0,no
1559,0.0,no
1560,0.0,no
1561,0.0,no
1562,0.0,no
1563,0.0,no
1564,0.0,no
1565,0.0,no
1566,4399.950000000001,yes
1567,2199.9700000000003,yes
1568,0.0,no
1569,0.0,no
1570,0.0,no
1571,999.99,yes
1572,0.0,no
1573,3089.94,yes
1574,2899.96,yes
1575,0.0,no
1576,0.0,no
1577,4159.93,yes
1578,0.0,no
1579,0.0,no
1580,0.0,no
1581,0.0,no
1582,0.0,no
1583,0.0,no
1584,0.0,no
1585,0.0,no
1586,0.0,no
1587,0.0,no
1588,0.0,no
1589,0.0,no
1590,2499.96,yes
1591,3899.9300000000003,yes
1592,0.0,no
1593,0.0,no
1594,0.0,no
1595,0.0,no
1596,0.0,no
1597,0.0,no
1598,4459.93,yes
1599,1499.98,yes
1600,0.0,no
1601,0.0,no
1602,0.0,no
1603,0.0,no
1604,0.0,no
1605,0.0,no
1606,3899.9500000000003,yes
1607,0.0,no
1608,0.0,no
1609,0.0,no
1610,0.0,no
1611,1999.98,yes
1612,0.0,no
1613,0.0,no
1614,0.0,no
1615,0.0,no
1616,0.0,no
1617,0.0,no
1618,0.0,no
1619,0.0,no
1620,0.0,no
1621,0.0,no
1622,0.0,no
1623,0.0,no
1624,0.0,no
1625,0.0,no
1626,0.0,no
1627,0.0,no
1628,0.0,no
1629,3029.96,yes
1630,0.0,no
1631,0.0,no
1632,0.0,no
1633,0.0,no
1634,0.0,no
1635,0.0,no
1636,0.0,no
1637,3699.96,yes
1638,0.0,no
1639,0.0,no
1640,0.0,no
1641,0.0,no
1642,0.0,no
1643,0.0,no
1644,0.0,no
1645,0.0,no
1646,0.0,no
1647,0.0,no
1648,2179.95,yes
1649,0.0,no
1650,5499.92,yes
1651,0.0,no
1652,0.0,no
1653,2119.95,yes
1654,0.0,no
1655,0.0,no
1656,0.0,no
1657,0.0,no
1658,1629.95,yes
1659,0.0,no
1660,0.0,no
1661,0.0,no
1662,0.0,no
1663,0.0,no
1664,0.0,no
1665,2029.97,yes
1666,0.0,no
1667,3789.9300000000003,yes
1668,0.0,no
1669,0.0,no
1670,0.0,no
1671,2179.95,yes
1672,0.0,no
1673,2519.94,yes
1674,0.0,no
1675,0.0,no
1676,0.0,no
1677,0.0,no
1678,0.0,no
1679,0.0,no
1680,0.0,no
1681,0.0,no
1682,0.0,no
1683,0.0,no
1684,0.0,no
1685,0.0,no
1686,0.0,no
1687,0.0,no
1688,2089.95,yes
1689,0.0,no
1690,0.0,no
1691,0.0,no
1692,0.0,no
1693,0.0,no
1694,2999.9700000000003,yes
1695,0.0,no
1696,0.0,no
1697,0.0,no
1698,0.0,no
1699,999.99,yes
1700,0.0,no
1701,0.0,no
1702,0.0,no
1703,0.0,no
1704,3059.96,yes
1705,999.99,yes
1706,0.0,no
1707,1399.97,yes
1708,0.0,no
1709,3199.96,yes
1710,0.0,no
1711,0.0,no
1712,0.0,no
1713,0.0,no
1714,0.0,no
1715,0.0,no
1716,0.0,no
1717,0.0,no
1718,0.0,no
1719,0.0,no
1720,0.0,no
1721,999.99,yes
1722,0.0,no
1723,0.0,no
1724,0.0,no
1725,0.0,no
1726,0.0,no
1727,0.0,no
1728,0.0,no
1729,0.0,no
1730,0.0,no
1731,0.0,no
1732,0.0,no
1733,0.0,no
1734,0.0,no
1735,0.0,no
1736,0.0,no
1737,0.0,no
1738,0.0,no
1739,0.0,no
1740,0.0,no
1741,0.0,no
1742,0.0,no
1743,0.0,no
1744,0.0,no
1745,1999.98,yes
1746,0.0,no
1747,0.0,no
1748,0.0,no
1749,0.0,no
1750,0.0,no
1751,2399.9700000000003,yes
1752,0.0,no
1753,0.0,no
1754,0.0,no
1755,0.0,no
1756,0.0,no
1757,0.0,no
1758,0.0,no
1759,0.0,no
1760,0.0,no
1761,0.0,no
1762,0.0,no
1763,0.0,no
1764,0.0,no
1765,0.0,no
1766,0.0,no
1767,0.0,no
1768,0.0,no
1769,0.0,no
1770,0.0,no
1771,0.0,no
1772,0.0,no
1773,0.0,no
1774,0.0,no
1775,0.0,no
1776,0.0,no
1777,0.0,no
1778,0.0,no
1779,2659.9300000000003,yes
1780,3199.96,yes
1781,0.0,no
1782,0.0,no
1783,0.0,no
1784,0.0,no
1785,0.0,no
1786,0.0,no
1787,0.0,no
1788,0.0,no
1789,0.0,no
1790,0.0,no
1791,0.0,no
1792,0.0,no
1793,0.0,no
1794,0.0,no
1795,0.0,no
1796,0.0,no
1797,0.0,no
1798,0.0,no
1799,0.0,no
1800,0.0,no
1801,0.0,no
1802,0.0,no
1803,0.0,no
1804,0.0,no
1805,0.0,no
1806,0.0,no
1807,0.0,no
1808,0.0,no
1809,0.0,no
1810,0.0,no
1811,0.0,no
1812,1999.98,yes
1813,0.0,no
1814,0.0,no
1815,0.0,no
1816,0.0,no
1817,0.0,no
1818,0.0,no
1819,0.0,no
1820,0.0,no
1821,0.0,no
1822,0.0,no
1823,0.0,no
1824,0.0,no
1825,0.0,no
1826,0.0,no
1827,0.0,no
1828,0.0,no
1829,0.0,no
1830,0.0,no
1831,2119.96,yes
1832,0.0,no
1833,0.0,no
1834,0.0,no
1835,0.0,no
1836,2499.96,yes
1837,0.0,no
1838,2399.95,yes
1839,1599.96,yes
1840,0.0,no
1841,2199.9700000000003,yes
1842,0.0,no
1843,0.0,no
1844,0.0,no
1845,0.0,no
1846,0.0,no
1847,0.0,no
1848,5099.9400000000005,yes
1849,0.0,no
1850,0.0,no
1851,0.0,no
1852,0.0,no
1853,2699.9700000000003,yes
1854,3579.92,yes
1855,0.0,no
1856,3399.9500000000003,yes
1857,2399.96,yes
1858,0.0,no
1859,0.0,no
1860,0.0,no
1861,0.0,no
1862,0.0,no
1863,0.0,no
1864,0.0,no
1865,0.0,no
1866,0.0,no
1867,0.0,no
1868,0.0,no
1869,4599.92,yes
1870,0.0,no
1871,0.0,no
1872,0.0,no
1873,0.0,no
1874,0.0,no
1875,0.0,no
1876,0.0,no
1877,0.0,no
1878,0.0,no
1879,0.0,no
1880,0.0,no
1881,0.0,no
1882,0.0,no
1883,0.0,no
1884,0.0,no
1885,0.0,no
1886,0.0,no
1887,0.0,no
1888,0.0,no
1889,0.0,no
1890,0.0,no
1891,0.0,no
1892,0.0,no
1893,0.0,no
1894,0.0,no
1895,1589.95,yes
1896,0.0,no
1897,0.0,no
1898,0.0,no
1899,0.0,no
1900,0.0,no
1901,0.0,no
1902,0.0,no
1903,0.0,no
1904,0.0,no
1905,0.0,no
1906,0.0,no
1907,3399.9500000000003,yes
1908,0.0,no
1909,0.0,no
1910,0.0,no
1911,0.0,no
1912,0.0,no
1913,0.0,no
1914,0.0,no
1915,1119.97,yes
1916,0.0,no
1917,0.0,no
1918,0.0,no
1919,0.0,no
1920,0.0,no
1921,0.0,no
1922,0.0,no
1923,0.0,no
1924,0.0,no
1925,4489.920000000001,yes
1926,0.0,no
1927,3289.93,yes
1928,0.0,no
1929,2499.9700000000003,yes
1930,0.0,no
1931,0.0,no
1932,0.0,no
1933,0.0,no
1934,0.0,no
1935,3699.9400000000005,yes
1936,0.0,no
1937,1999.97,yes
1938,3059.95,yes
1939,3179.94,yes
1940,0.0,no
1941,0.0,no
1942,0.0,no
1943,0.0,no
1944,3779.9100000000003,yes
1945,0.0,no
1946,0.0,no
1947,0.0,no
1948,0.0,no
1949,0.0,no
1950,0.0,no
1951,2579.94,yes
1952,0.0,no
1953,5099.9400000000005,yes
1954,0.0,no
1955,0.0,no
1956,0.0,no
1957,0.0,no
1958,0.0,no
1959,0.0,no
1960,0.0,no
1961,0.0,no
1962,0.0,no
1963,0.0,no
1964,0.0,no
1965,0.0,no
1966,0.0,no
1967,3199.95,yes
1968,2179.95,yes
1969,0.0,no
1970,0.0,no
1971,0.0,no
1972,0.0,no
1973,0.0,no
1974,3029.95,yes
1975,0.0,no
1976,1029.98,yes
1977,0.0,no
1978,0.0,no
1979,0.0,no
1980,0.0,no
1981,0.0,no
1982,0.0,no
1983,0.0,no
1984,0.0,no
1985,1819.96,yes
1986,0.0,no
1987,0.0,no
1988,0.0,no
1989,0.0,no
1990,0.0,no
1991,3179.94,yes
1992,0.0,no
1993,0.0,no
1994,0.0,no
1995,0.0,no
1996,0.0,no
1997,0.0,no
1998,3879.9300000000003,yes
1999,0.0,no
2000,0.0,no
2001,0.0,no
2002,0.0,no
2003,0.0,no
2004,0.0,no
2005,0.0,no
2006,0.0,no
2007,0.0,no
2008,0.0,no
2009,0.0,no
2010,0.0,no
2011,0.0,no
2012,0.0,no
2013,0.0,no
2014,0.0,no
2015,3399.9500000000003,yes
2016,0.0,no
2017,0.0,no
2018,0.0,no
2019,3159.9400000000005,yes
2020,0.0,no
2021,0.0,no
2022,0.0,no
2023,0.0,no
2024,1149.95,yes
2025,0.0,no
2026,0.0,no
2027,0.0,no
2028,0.0,no
2029,0.0,no
2030,0.0,no
2031,0.0,no
2032,0.0,no
2033,0.0,no
2034,0.0,no
2035,0.0,no
2036,0.0,no
2037,2199.9700000000003,yes
2038,0.0,no
2039,0.0,no
2040,0.0,no
2041,2099.96,yes
2042,0.0,no
2043,0.0,no
2044,0.0,no
2045,0.0,no
2046,0.0,no
2047,0.0,no
2048,0.0,no
2049,0.0,no
2050,0.0,no
2051,4199.9400000000005,yes
2052,3159.94,yes
2053,2999.9700000000003,yes
2054,0.0,no
2055,0.0,no
2056,0.0,no
2057,0.0,no
2058,0.0,no
2059,0.0,no
2060,0.0,no
2061,3899.9400000000005,yes
2062,0.0,no
2063,0.0,no
2064,0.0,no
2065,3179.9300000000003,yes
2066,1999.98,yes
2067,2399.96,yes
2068,1999.98,yes
2069,0.0,no
2070,0.0,no
2071,0.0,no
2072,0.0,no
2073,2499.9700000000003,yes
2074,0.0,no
2075,3119.9500000000003,yes
2076,0.0,no
2077,0.0,no
2078,0.0,no
2079,2499.96,yes
2080,0.0,no
2081,0.0,no
2082,0.0,no
2083,2199.96,yes
2084,0.0,no
2085,0.0,no
2086,1999.98,yes
2087,0.0,no
2088,0.0,no
2089,0.0,no
2090,3059.96,yes
2091,3199.95,yes
2092,0.0,no
2093,0.0,no
2094,0.0,no
2095,0.0,no
2096,0.0,no
2097,2399.96,yes
2098,0.0,no
2099,0.0,no
2100,3999.9500000000003,yes
2101,0.0,no
2102,0.0,no
2103,0.0,no
2104,0.0,no
2105,2999.9700000000003,yes
2106,1659.95,yes
2107,0.0,no
2108,0.0,no
2109,2689.92,yes
2110,3059.95,yes
2111,1999.98,yes
2112,0.0,no
2113,2999.9700000000003,yes
2114,0.0,no
2115,0.0,no
2116,0.0,no
2117,0.0,no
2118,0.0,no
2119,0.0,no
2120,0.0,no
2121,2999.96,yes
2122,3299.94,yes
2123,0.0,no
2124,0.0,no
2125,0.0,no
2126,0.0,no
2127,0.0,no
2128,0.0,no
2129,0.0,no
2130,0.0,no
2131,0.0,no
2132,1999.98,yes
2133,0.0,no
2134,0.0,no
2135,0.0,no
2136,2089.95,yes
2137,0.0,no
2138,0.0,no
2139,0.0,no
2140,0.0,no
2141,0.0,no
2142,0.0,no
2143,0.0,no
2144,1999.98,yes
2145,0.0,no
2146,1759.97,yes
2147,0.0,no
2148,0.0,no
2149,0.0,no
2150,0.0,no
2151,0.0,no
2152,1399.97,yes
2153,0.0,no
2154,0.0,no
2155,0.0,no
2156,0.0,no
2157,0.0,no
2158,0.0,no
2159,0.0,no
2160,0.0,no
2161,0.0,no
2162,2699.9700000000003,yes
2163,0.0,no
2164,0.0,no
2165,0.0,no
2166,0.0,no
2167,0.0,no
2168,0.0,no
2169,0.0,no
2170,0.0,no
2171,2999.96,yes
2172,0.0,no
2173,0.0,no
2174,0.0,no
2175,0.0,no
2176,0.0,no
2177,0.0,no
2178,0.0,no
2179,0.0,no
2180,0.0,no
2181,0.0,no
2182,999.99,yes
2183,0.0,no
2184,0.0,no
2185,2799.95,yes
2186,0.0,no
2187,0.0,no
2188,0.0,no
2189,0.0,no
2190,0.0,no
2191,0.0,no
2192,0.0,no
2193,1119.97,yes
2194,0.0,no
2195,0.0,no
2196,0.0,no
2197,0.0,no
2198,2679.94,yes
2199,0.0,no
2200,0.0,no
2201,0.0,no
2202,0.0,no
2203,0.0,no
2204,0.0,no
2205,0.0,no
2206,2999.96,yes
2207,0.0,no
2208,0.0,no
2209,0.0,no
2210,0.0,no
2211,0.0,no
2212,0.0,no
2213,1879.95,yes
2214,0.0,no
2215,0.0,no
2216,0.0,no
2217,0.0,no
2218,0.0,no
2219,3149.94,yes
2220,0.0,no
2221,0.0,no
2222,0.0,no
2223,0.0,no
2224,0.0,no
2225,0.0,no
2226,0.0,no
2227,0.0,no
2228,0.0,no
2229,0.0,no
2230,0.0,no
2231,0.0,no
2232,0.0,no
2233,0.0,no
2234,0.0,no
2235,0.0,no
2236,0.0,no
2237,0.0,no
2238,1029.98,yes
2239,0.0,no
2240,0.0,no
2241,0.0,no
2242,0.0,no
2243,0.0,no
2244,0.0,no
2245,0.0,no
2246,3059.96,yes
2247,0.0,no
2248,1999.98,yes
2249,2499.96,yes
2250,0.0,no
2251,2119.95,yes
2252,2059.96,yes
2253,0.0,no
2254,0.0,no
2255,0.0,no
2256,0.0,no
2257,0.0,no
2258,0.0,no
2259,2999.9700000000003,yes
2260,0.0,no
2261,0.0,no
2262,0.0,no
2263,0.0,no
2264,0.0,no
2265,0.0,no
2266,0.0,no
2267,0.0,no
2268,0.0,no
2269,0.0,no
2270,0.0,no
2271,3059.94,yes
2272,0.0,no
2273,0.0,no
2274,0.0,no
2275,0.0,no
2276,0.0,no
2277,3259.9400000000005,yes
2278,0.0,no
2279,0.0,no
2280,0.0,no
2281,0.0,no
2282,0.0,no
2283,0.0,no
2284,0.0,no
2285,0.0,no
2286,0.0,no
2287,0.0,no
2288,0.0,no
2289,0.0,no
2290,3599.9400000000005,yes
2291,0.0,no
2292,2199.9700000000003,yes
2293,0.0,no
2294,0.0,no
2295,0.0,no
2296,1699.98,yes
2297,0.0,no
2298,0.0,no
2299,0.0,no
2300,3699.96,yes
2301,4399.950000000001,yes
2302,0.0,no
2303,0.0,no
2304,0.0,no
2305,0.0,no
2306,0.0,no
2307,0.0,no
2308,0.0,no
2309,0.0,no
2310,4699.93,yes
2311,0.0,no
2312,0.0,no
2313,2499.96,yes
2314,0.0,no
2315,3489.92,yes
2316,0.0,no
2317,0.0,no
2318,2259.96,yes
2319,0.0,no
2320,0.0,no
2321,3059.9500000000003,yes
2322,0.0,no
2323,0.0,no
2324,3589.92,yes
2325,0.0,no
2326,0.0,no
2327,1429.96,yes
2328,0.0,no
2329,999.99,yes
2330,0.0,no
2331,3499.96,yes
2332,0.0,no
2333,0.0,no
2334,0.0,no
2335,0.0,no
2336,0.0,no
2337,0.0,no
2338,3099.96,yes
2339,0.0,no
2340,0.0,no
2341,0.0,no
2342,0.0,no
2343,0.0,no
2344,0.0,no
2345,0.0,no
2346,3619.93,yes
2347,0.0,no
2348,0.0,no
2349,0.0,no
2350,0.0,no
2351,0.0,no
2352,0.0,no
2353,0.0,no
2354,0.0,no
2355,0.0,no
2356,0.0,no
2357,0.0,no
2358,0.0,no
2359,0.0,no
2360,0.0,no
2361,2399.96,yes
2362,0.0,no
2363,0.0,no
2364,0.0,no
2365,0.0,no
2366,0.0,no
2367,0.0,no
2368,0.0,no
2369,4499.9400000000005,yes
2370,0.0,no
2371,0.0,no
2372,0.0,no
2373,0.0,no
2374,0.0,no
2375,0.0,no
2376,0.0,no
2377,0.0,no
2378,0.0,no
2379,0.0,no
2380,0.0,no
2381,2379.94,yes
2382,0.0,no
2383,0.0,no
2384,0.0,no
2385,0.0,no
2386,0.0,no
2387,3099.96,yes
2388,0.0,no
2389,0.0,no
2390,2999.9700000000003,yes
2391,0.0,no
2392,0.0,no
2393,0.0,no
2394,0.0,no
2395,0.0,no
2396,0.0,no
2397,0.0,no
2398,0.0,no
2399,0.0,no
2400,0.0,no
2401,0.0,no
2402,0.0,no
2403,0.0,no
2404,0.0,no
2405,0.0,no
2406,0.0,no
2407,0.0,no
2408,0.0,no
2409,0.0,no
2410,0.0,no
2411,0.0,no
2412,0.0,no
2413,0.0,no
2414,0.0,no
2415,0.0,no
2416,0.0,no
2417,3999.9500000000003,yes
2418,5159.93,yes
2419,0.0,no
2420,4099.950000000001,yes
2421,999.99,yes
2422,0.0,no
2423,0.0,no
2424,0.0,no
2425,0.0,no
2426,0.0,no
2427,0.0,no
2428,0.0,no
2429,0.0,no
2430,0.0,no
2431,1379.95,yes
2432,0.0,no
2433,0.0,no
2434,0.0,no
2435,0.0,no
2436,0.0,no
2437,0.0,no
2438,0.0,no
2439,0.0,no
2440,0.0,no
2441,0.0,no
2442,0.0,no
2443,0.0,no
2444,0.0,no
2445,0.0,no
2446,0.0,no
2447,2899.96,yes
2448,0.0,no
2449,0.0,no
2450,0.0,no
2451,1199.98,yes
2452,0.0,no
2453,3759.95,yes
2454,0.0,no
2455,3199.95,yes
2456,0.0,no
2457,0.0,no
2458,4529.93,yes
2459,0.0,no
2460,0.0,no
2461,3199.9500000000003,yes
2462,0.0,no
2463,0.0,no
2464,0.0,no
2465,0.0,no
2466,0.0,no
2467,0.0,no
2468,0.0,no
2469,0.0,no
2470,0.0,no
2471,0.0,no
2472,0.0,no
2473,0.0,no
2474,0.0,no
2475,0.0,no
2476,0.0,no
2477,3029.96,yes
2478,0.0,no
2479,0.0,no
2480,0.0,no
2481,0.0,no
2482,0.0,no
2483,0.0,no
2484,0.0,no
2485,0.0,no
2486,0.0,no
2487,0.0,no
2488,0.0,no
2489,0.0,no
2490,0.0,no
2491,0.0,no
2492,0.0,no
2493,0.0,no
2494,0.0,no
2495,0.0,no
2496,0.0,no
2497,0.0,no
2498,0.0,no
2499,0.0,no
2500,0.0,no
2501,3899.9300000000003,yes
2502,0.0,no
2503,0.0,no
2504,1999.98,yes
2505,0.0,no
2506,1119.97,yes
2507,0.0,no
2508,0.0,no
2509,0.0,no
2510,0.0,no
2511,5189.91,yes
2512,0.0,no
2513,2459.96,yes
2514,0.0,no
2515,0.0,no
2516,0.0,no
2517,0.0,no
2518,0.0,no
2519,0.0,no
2520,0.0,no
2521,0.0,no
2522,0.0,no
2523,3999.9500000000003,yes
2524,0.0,no
2525,4029.94,yes
2526,0.0,no
2527,3899.9500000000003,yes
2528,0.0,no
2529,0.0,no
2530,0.0,no
2531,0.0,no
2532,0.0,no
2533,0.0,no
2534,2199.9700000000003,yes
2535,3779.91,yes
2536,0.0,no
2537,0.0,no
2538,3699.95,yes
2539,4499.9400000000005,yes
2540,0.0,no
2541,0.0,no
2542,0.0,no
2543,0.0,no
2544,0.0,no
2545,0.0,no
2546,0.0,no
2547,0.0,no
2548,0.0,no
2549,0.0,no
2550,0.0,no
2551,1999.97,yes
2552,0.0,no
2553,0.0,no
2554,0.0,no
2555,0.0,no
2556,0.0,no
2557,0.0,no
2558,0.0,no
2559,0.0,no
2560,0.0,no
2561,0.0,no
2562,0.0,no
2563,0.0,no
2564,0.0,no
2565,0.0,no
2566,0.0,no
2567,3899.9500000000003,yes
2568,0.0,no
2569,0.0,no
2570,0.0,no
2571,3059.96,yes
2572,0.0,no
2573,0.0,no
2574,0.0,no
2575,0.0,no
2576,0.0,no
2577,4799.93,yes
2578,0.0,no
2579,0.0,no
2580,0.0,no
2581,2119.96,yes
2582,1699.98,yes
2583,0.0,no
2584,0.0,no
2585,0.0,no
2586,0.0,no
2587,0.0,no
2588,0.0,no
2589,0.0,no
2590,0.0,no
2591,1179.95,yes
2592,0.0,no
2593,0.0,no
2594,0.0,no
2595,0.0,no
2596,0.0,no
2597,3719.92,yes
2598,0.0,no
2599,0.0,no
2600,0.0,no
2601,0.0,no
2602,0.0,no
2603,0.0,no
2604,0.0,no
2605,0.0,no
2606,0.0,no
2607,0.0,no
2608,0.0,no
2609,0.0,no
2610,0.0,no
2611,0.0,no
2612,0.0,no
2613,0.0,no
2614,0.0,no
2615,0.0,no
2616,0.0,no
2617,0.0,no
2618,0.0,no
2619,0.0,no
2620,0.0,no
2621,0.0,no
2622,0.0,no
2623,0.0,no
2624,0.0,no
2625,0.0,no
2626,0.0,no
2627,0.0,no
2628,0.0,no
2629,0.0,no
2630,3499.95,yes
2631,0.0,no
2632,0.0,no
2633,0.0,no
2634,0.0,no
2635,0.0,no
2636,0.0,no
2637,0.0,no
2638,0.0,no
2639,0.0,no
2640,0.0,no
2641,0.0,no
2642,0.0,no
2643,0.0,no
2644,0.0,no
2645,0.0,no
2646,5189.91,yes
2647,0.0,no
2648,0.0,no
2649,0.0,no
2650,2999.9700000000003,yes
2651,0.0,no
2652,0.0,no
2653,0.0,no
2654,1999.98,yes
2655,0.0,no
2656,0.0,no
2657,0.0,no
2658,0.0,no
2659,0.0,no
2660,2999.9700000000003,yes
2661,0.0,no
2662,0.0,no
2663,999.99,yes
2664,0.0,no
2665,0.0,no
2666,0.0,no
2667,4299.93,yes
2668,0.0,no
2669,0.0,no
2670,0.0,no
2671,0.0,no
2672,0.0,no
2673,3179.94,yes
2674,0.0,no
2675,1179.96,yes
2676,0.0,no
2677,0.0,no
2678,1999.98,yes
2679,0.0,no
2680,0.0,no
2681,0.0,no
2682,5159.92,yes
2683,0.0,no
2684,0.0,no
2685,0.0,no
2686,0.0,no
2687,3029.96,yes
2688,2119.96,yes
2689,0.0,no
2690,0.0,no
2691,0.0,no
2692,0.0,no
2693,0.0,no
2694,0.0,no
2695,0.0,no
2696,0.0,no
2697,0.0,no
2698,0.0,no
2699,0.0,no
2700,0.0,no
2701,1999.98,yes
2702,0.0,no
2703,0.0,no
2704,0.0,no
2705,0.0,no
2706,0.0,no
2707,0.0,no
2708,0.0,no
2709,0.0,no
2710,0.0,no
2711,2059.96,yes
2712,0.0,no
2713,0.0,no
2714,0.0,no
2715,0.0,no
2716,0.0,no
2717,0.0,no
2718,0.0,no
2719,0.0,no
2720,0.0,no
2721,0.0,no
2722,0.0,no
2723,0.0,no
2724,0.0,no
2725,0.0,no
2726,0.0,no
2727,3179.9300000000003,yes
2728,0.0,no
2729,0.0,no
2730,0.0,no
2731,0.0,no
2732,0.0,no
2733,0.0,no
2734,0.0,no
2735,0.0,no
2736,0.0,no
2737,0.0,no
2738,0.0,no
2739,4499.9400000000005,yes
2740,0.0,no
2741,0.0,no
2742,0.0,no
2743,0.0,no
2744,2499.9700000000003,yes
2745,0.0,no
2746,4899.9400000000005,yes
2747,0.0,no
2748,0.0,no
2749,0.0,no
2750,0.0,no
2751,0.0,no
2752,0.0,no
2753,0.0,no
2754,0.0,no
2755,0.0,no
2756,0.0,no
2757,0.0,no
2758,0.0,no
2759,0.0,no
2760,0.0,no
2761,0.0,no
2762,0.0,no
2763,0.0,no
2764,0.0,no
2765,0.0,no
2766,0.0,no
2767,0.0,no
2768,0.0,no
2769,0.0,no
2770,0.0,no
2771,0.0,no
2772,0.0,no
2773,4399.9400000000005,yes
2774,0.0,no
2775,0.0,no
2776,0.0,no
2777,0.0,no
2778,0.0,no
2779,0.0,no
2780,0.0,no
2781,2599.96,yes
2782,0.0,no
2783,0.0,no
2784,1119.97,yes
2785,0.0,no
2786,0.0,no
2787,0.0,no
2788,0.0,no
2789,0.0,no
2790,0.0,no
2791,0.0,no
2792,1999.98,yes
2793,0.0,no
2794,0.0,no
2795,0.0,no
2796,0.0,no
2797,0.0,no
2798,0.0,no
2799,0.0,no
2800,0.0,no
2801,3059.9500000000003,yes
2802,0.0,no
2803,0.0,no
2804,0.0,no
2805,0.0,no
2806,0.0,no
2807,0.0,no
2808,3399.9500000000003,yes
2809,0.0,no
2810,0.0,no
2811,0.0,no
2812,0.0,no
2813,0.0,no
2814,0.0,no
2815,0.0,no
2816,0.0,no
2817,0.0,no
2818,0.0,no
2819,0.0,no
2820,0.0,no
2821,0.0,no
2822,0.0,no
2823,0.0,no
2824,0.0,no
2825,0.0,no
2826,0.0,no
2827,0.0,no
2828,0.0,no
2829,0.0,no
2830,0.0,no
2831,0.0,no
2832,0.0,no
2833,0.0,no
2834,3129.95,yes
2835,0.0,no
2836,0.0,no
2837,0.0,no
2838,2269.9199999999996,yes
2839,0.0,no
2840,3499.95,yes
2841,0.0,no
2842,0.0,no
2843,0.0,no
2844,1999.97,yes
2845,0.0,no
2846,4529.93,yes
2847,0.0,no
2848,0.0,no
2849,0.0,no
2850,4399.9400000000005,yes
2851,0.0,no
2852,0.0,no
2853,0.0,no
2854,0.0,no
2855,0.0,no
2856,0.0,no
2857,0.0,no
2858,0.0,no
2859,0.0,no
2860,0.0,no
2861,0.0,no
2862,0.0,no
2863,0.0,no
2864,0.0,no
2865,0.0,no
2866,0.0,no
2867,0.0,no
2868,0.0,no
2869,0.0,no
2870,0.0,no
2871,0.0,no
2872,0.0,no
2873,0.0,no
2874,0.0,no
2875,0.0,no
2876,0.0,no
2877,0.0,no
2878,0.0,no
2879,0.0,no
2880,0.0,no
2881,0.0,no
2882,0.0,no
2883,0.0,no
2884,0.0,no
2885,0.0,no
2886,0.0,no
2887,4399.950000000001,yes
2888,0.0,no
2889,0.0,no
2890,0.0,no
2891,0.0,no
2892,4119.93,yes
2893,0.0,no
2894,0.0,no
2895,0.0,no
2896,0.0,no
2897,4459.9400000000005,yes
2898,0.0,no
2899,0.0,no
2900,0.0,no
2901,0.0,no
2902,0.0,no
2903,0.0,no
2904,0.0,no
2905,0.0,no
2906,0.0,no
2907,0.0,no
2908,0.0,no
2909,3689.91,yes
2910,0.0,no
2911,0.0,no
2912,0.0,no
2913,0.0,no
2914,0.0,no
2915,2399.96,yes
2916,0.0,no
2917,0.0,no
2918,0.0,no
2919,0.0,no
2920,0.0,no
2921,0.0,no
2922,5499.92,yes
2923,0.0,no
2924,0.0,no
2925,2059.95,yes
2926,0.0,no
2927,0.0,no
2928,0.0,no
2929,0.0,no
2930,0.0,no
2931,0.0,no
2932,0.0,no
2933,0.0,no
2934,0.0,no
2935,0.0,no
2936,3299.9399999999996,yes
2937,0.0,no
2938,4099.950000000001,yes
2939,0.0,no
2940,0.0,no
2941,2529.95,yes
2942,0.0,no
2943,0.0,no
2944,0.0,no
2945,0.0,no
2946,0.0,no
2947,3589.93,yes
2948,2999.9700000000003,yes
2949,0.0,no
2950,0.0,no
2951,2119.96,yes
2952,0.0,no
2953,0.0,no
2954,0.0,no
2955,0.0,no
2956,0.0,no
2957,0.0,no
2958,3499.95,yes
2959,0.0,no
2960,0.0,no
2961,0.0,no
2962,0.0,no
2963,2499.96,yes
2964,0.0,no
2965,0.0,no
2966,0.0,no
2967,2119.96,yes
2968,0.0,no
2969,0.0,no
2970,0.0,no
2971,0.0,no
2972,4399.950000000001,yes
2973,0.0,no
2974,0.0,no
2975,0.0,no
2976,0.0,no
2977,0.0,no
2978,0.0,no
2979,0.0,no
2980,0.0,no
2981,1999.98,yes
2982,0.0,no
2983,3029.96,yes
2984,0.0,no
2985,0.0,no
2986,0.0,no
2987,0.0,no
2988,0.0,no
2989,0.0,no
2990,0.0,no
2991,0.0,no
2992,0.0,no
2993,0.0,no
2994,0.0,no
2995,0.0,no
2996,0.0,no
2997,0.0,no
2998,0.0,no
2999,0.0,no
3000,0.0,no
3001,6599.910000000001,yes
3002,0.0,no
3003,0.0,no
3004,2699.96,yes
3005,2099.95,yes
3006,0.0,no
3007,2199.9700000000003,yes
3008,0.0,no
3009,0.0,no
3010,2179.95,yes
3011,1759.96,yes
3012,0.0,no
3013,2999.96,yes
3014,999.99,yes
3015,0.0,no
3016,0.0,no
3017,0.0,no
3018,0.0,no
3019,0.0,no
3020,3119.9500000000003,yes
3021,0.0,no
3022,0.0,no
3023,1029.98,yes
3024,0.0,no
3025,0.0,no
3026,2199.9700000000003,yes
3027,0.0,no
3028,0.0,no
3029,0.0,no
3030,3119.94,yes
3031,0.0,no
3032,0.0,no
3033,0.0,no
3034,0.0,no
3035,0.0,no
3036,0.0,no
3037,0.0,no
3038,0.0,no
3039,0.0,no
3040,0.0,no
3041,0.0,no
3042,0.0,no
3043,0.0,no
3044,1999.98,yes
3045,0.0,no
3046,0.0,no
3047,0.0,no
3048,0.0,no
3049,0.0,no
3050,3209.93,yes
3051,0.0,no
3052,0.0,no
3053,0.0,no
3054,0.0,no
3055,0.0,no
3056,0.0,no
3057,0.0,no
3058,0.0,no
3059,0.0,no
3060,0.0,no
3061,0.0,no
3062,0.0,no
3063,0.0,no
3064,4099.92,yes
3065,0.0,no
3066,0.0,no
3067,1459.96,yes
3068,3289.9300000000003,yes
3069,0.0,no
3070,2119.95,yes
3071,0.0,no
3072,0.0,no
3073,0.0,no
3074,0.0,no
3075,3429.94,yes
3076,0.0,no
3077,0.0,no
3078,2229.96,yes
3079,0.0,no
3080,0.0,no
3081,0.0,no
3082,0.0,no
3083,0.0,no
3084,0.0,no
3085,0.0,no
3086,0.0,no
3087,0.0,no
3088,0.0,no
3089,0.0,no
3090,0.0,no
3091,0.0,no
3092,0.0,no
3093,2059.97,yes
3094,2999.9700000000003,yes
3095,1999.98,yes
3096,3789.9300000000003,yes
3097,0.0,no
3098,0.0,no
3099,0.0,no
3100,4899.9400000000005,yes
3101,0.0,no
3102,0.0,no
3103,0.0,no
3104,0.0,no
3105,0.0,no
3106,1899.97,yes
3107,3059.95,yes
3108,0.0,no
3109,0.0,no
3110,0.0,no
3111,0.0,no
3112,0.0,no
3113,0.0,no
3114,0.0,no
3115,0.0,no
3116,0.0,no
3117,0.0,no
3118,0.0,no
3119,0.0,no
3120,0.0,no
3121,0.0,no
3122,0.0,no
3123,0.0,no
3124,0.0,no
3125,0.0,no
3126,0.0,no
3127,0.0,no
3128,0.0,no
3129,0.0,no
3130,0.0,no
3131,0.0,no
3132,0.0,no
3133,2999.9700000000003,yes
3134,0.0,no
3135,0.0,no
3136,2399.9700000000003,yes
3137,0.0,no
3138,0.0,no
3139,0.0,no
3140,3429.94,yes
3141,2789.94,yes
3142,0.0,no
3143,0.0,no
3144,0.0,no
3145,0.0,no
3146,0.0,no
3147,0.0,no
3148,0.0,no
3149,0.0,no
3150,0.0,no
3151,0.0,no
3152,0.0,no
3153,0.0,no
3154,0.0,no
3155,0.0,no
3156,0.0,no
3157,0.0,no
3158,0.0,no
3159,0.0,no
3160,0.0,no
3161,0.0,no
3162,0.0,no
3163,0.0,no
3164,0.0,no
3165,0.0,no
3166,0.0,no
3167,0.0,no
3168,0.0,no
3169,0.0,no
3170,0.0,no
3171,0.0,no
3172,0.0,no
3173,0.0,no
3174,0.0,no
3175,0.0,no
3176,0.0,no
3177,0.0,no
3178,999.99,yes
3179,0.0,no
3180,0.0,no
3181,0.0,no
3182,0.0,no
3183,5899.920000000001,yes
3184,2999.9700000000003,yes
3185,0.0,no
3186,0.0,no
3187,0.0,no
3188,0.0,no
3189,0.0,no
3190,0.0,no
3191,0.0,no
3192,0.0,no
3193,0.0,no
3194,0.0,no
3195,0.0,no
3196,0.0,no
3197,0.0,no
3198,0.0,no
3199,0.0,no
3200,0.0,no
3201,0.0,no
3202,0.0,no
3203,0.0,no
3204,3179.94,yes
3205,0.0,no
3206,0.0,no
3207,0.0,no
3208,0.0,no
3209,0.0,no
3210,3089.94,yes
3211,0.0,no
3212,0.0,no
3213,1059.97,yes
3214,0.0,no
3215,0.0,no
3216,0.0,no
3217,0.0,no
3218,0.0,no
3219,0.0,no
3220,0.0,no
3221,1149.96,yes
3222,0.0,no
3223,0.0,no
3224,0.0,no
3225,3679.93,yes
3226,0.0,no
3227,0.0,no
3228,4399.950000000001,yes
3229,0.0,no
3230,0.0,no
3231,0.0,no
3232,0.0,no
3233,1629.95,yes
3234,999.99,yes
3235,0.0,no
3236,0.0,no
3237,3399.96,yes
3238,2119.96,yes
3239,0.0,no
3240,0.0,no
3241,5219.92,yes
3242,1059.97,yes
3243,0.0,no
3244,0.0,no
3245,0.0,no
3246,0.0,no
3247,0.0,no
3248,0.0,no
3249,0.0,no
3250,2459.95,yes
3251,1259.96,yes
3252,0.0,no
3253,0.0,no
3254,0.0,no
3255,2879.94,yes
3256,0.0,no
3257,0.0,no
3258,1209.95,yes
3259,4619.92,yes
3260,0.0,no
3261,0.0,no
3262,0.0,no
3263,0.0,no
3264,0.0,no
3265,0.0,no
3266,3599.9400000000005,yes
3267,0.0,no
3268,2999.9700000000003,yes
3269,0.0,no
3270,0.0,no
3271,0.0,no
3272,0.0,no
3273,0.0,no
3274,4619.92,yes
3275,0.0,no
3276,2519.94,yes
3277,3699.96,yes
3278,4399.950000000001,yes
3279,0.0,no
3280,0.0,no
3281,0.0,no
3282,0.0,no
3283,3459.94,yes
3284,3679.92,yes
3285,3119.94,yes
3286,0.0,no
3287,0.0,no
3288,0.0,no
3289,2299.95,yes
3290,0.0,no
3291,0.0,no
3292,0.0,no
3293,0.0,no
3294,0.0,no
3295,0.0,no
3296,0.0,no
3297,0.0,no
3298,0.0,no
3299,0.0,no
3300,0.0,no
3301,0.0,no
3302,0.0,no
3303,2999.9700000000003,yes
3304,0.0,no
3305,0.0,no
3306,4299.93,yes
3307,3399.94,yes
3308,0.0,no
3309,999.99,yes
3310,0.0,no
3311,999.99,yes
3312,0.0,no
3313,4059.9300000000003,yes
3314,0.0,no
3315,0.0,no
3316,0.0,no
3317,0.0,no
3318,0.0,no
3319,4219.93,yes
3320,0.0,no
3321,0.0,no
3322,0.0,no
3323,2999.9700000000003,yes
3324,0.0,no
3325,0.0,no
3326,0.0,no
3327,0.0,no
3328,3199.96,yes
3329,3059.96,yes
3330,0.0,no
3331,0.0,no
3332,0.0,no
3333,0.0,no
3334,0.0,no
3335,0.0,no
3336,2559.9500000000003,yes
3337,0.0,no
3338,1089.97,yes
3339,0.0,no
3340,0.0,no
3341,0.0,no
3342,0.0,no
3343,0.0,no
3344,0.0,no
3345,0.0,no
3346,0.0,no
3347,0.0,no
3348,999.99,yes
3349,0.0,no
3350,0.0,no
3351,0.0,no
3352,0.0,no
3353,0.0,no
3354,0.0,no
3355,2529.95,yes
3356,2399.96,yes
3357,0.0,no
3358,0.0,no
3359,0.0,no
3360,0.0,no
3361,0.0,no
3362,0.0,no
3363,0.0,no
3364,0.0,no
3365,0.0,no
3366,0.0,no
3367,0.0,no
3368,1199.98,yes
3369,0.0,no
3370,0.0,no
3371,0.0,no
3372,0.0,no
3373,0.0,no
3374,0.0,no
3375,0.0,no
3376,0.0,no
3377,0.0,no
3378,0.0,no
3379,0.0,no
3380,0.0,no
3381,0.0,no
3382,4399.93,yes
3383,0.0,no
3384,0.0,no
3385,0.0,no
3386,0.0,no
3387,0.0,no
3388,2199.9700000000003,yes
3389,0.0,no
3390,0.0,no
3391,1399.97,yes
3392,0.0,no
3393,0.0,no
3394,0.0,no
3395,0.0,no
3396,0.0,no
3397,1999.98,yes
3398,0.0,no
3399,0.0,no
3400,0.0,no
3401,0.0,no
3402,0.0,no
3403,0.0,no
3404,0.0,no
3405,3259.95,yes
3406,0.0,no
3407,3699.95,yes
3408,0.0,no
3409,0.0,no
3410,0.0,no
3411,0.0,no
3412,0.0,no
3413,0.0,no
3414,0.0,no
3415,1499.98,yes
3416,0.0,no
3417,0.0,no
3418,0.0,no
3419,0.0,no
3420,0.0,no
3421,4399.950000000001,yes
3422,0.0,no
3423,0.0,no
3424,0.0,no
3425,0.0,no
3426,0.0,no
3427,0.0,no
3428,0.0,no
3429,2489.93,yes
3430,0.0,no
3431,1999.98,yes
3432,0.0,no
3433,0.0,no
3434,3589.93,yes
3435,0.0,no
3436,0.0,no
3437,4099.93,yes
3438,0.0,no
3439,0.0,no
3440,0.0,no
3441,0.0,no
3442,0.0,no
3443,0.0,no
3444,0.0,no
3445,4099.950000000001,yes
3446,4099.950000000001,yes
3447,0.0,no
3448,3229.95,yes
3449,0.0,no
3450,0.0,no
3451,0.0,no
3452,0.0,no
3453,0.0,no
3454,0.0,no
3455,0.0,no
3456,0.0,no
3457,0.0,no
3458,0.0,no
3459,0.0,no
3460,0.0,no
3461,0.0,no
3462,2289.94,yes
3463,0.0,no
3464,0.0,no
3465,2999.96,yes
3466,0.0,no
3467,0.0,no
3468,0.0,no
3469,0.0,no
3470,0.0,no
3471,0.0,no
3472,0.0,no
3473,0.0,no
3474,0.0,no
3475,0.0,no
3476,0.0,no
3477,0.0,no
3478,0.0,no
3479,0.0,no
3480,0.0,no
3481,0.0,no
3482,0.0,no
3483,0.0,no
3484,0.0,no
3485,0.0,no
3486,0.0,no
3487,0.0,no
3488,0.0,no
3489,0.0,no
3490,0.0,no
3491,0.0,no
3492,0.0,no
3493,0.0,no
3494,0.0,no
3495,0.0,no
3496,3619.9300000000003,yes
3497,0.0,no
3498,0.0,no
3499,0.0,no
3500,0.0,no
3501,0.0,no
3502,0.0,no
3503,0.0,no
3504,0.0,no
3505,0.0,no
3506,0.0,no
3507,0.0,no
3508,0.0,no
3509,0.0,no
3510,0.0,no
3511,0.0,no
3512,0.0,no
3513,0.0,no
3514,0.0,no
3515,0.0,no
3516,0.0,no
3517,0.0,no
3518,0.0,no
3519,0.0,no
3520,0.0,no
3521,0.0,no
3522,1629.95,yes
3523,0.0,no
3524,0.0,no
3525,0.0,no
3526,0.0,no
3527,0.0,no
3528,0.0,no
3529,0.0,no
3530,0.0,no
3531,1999.98,yes
3532,0.0,no
3533,0.0,no
3534,3599.9400000000005,yes
3535,0.0,no
3536,4599.93,yes
3537,0.0,no
3538,3599.9400000000005,yes
3539,3059.9500000000003,yes
3540,0.0,no
3541,0.0,no
3542,1089.96,yes
3543,0.0,no
3544,3499.95,yes
3545,0.0,no
3546,0.0,no
3547,0.0,no
3548,0.0,no
3549,0.0,no
3550,0.0,no
3551,0.0,no
3552,1999.98,yes
3553,0.0,no
3554,0.0,no
3555,0.0,no
3556,0.0,no
3557,0.0,no
3558,0.0,no
3559,0.0,no
3560,0.0,no
3561,1999.98,yes
3562,1999.98,yes
3563,0.0,no
3564,0.0,no
3565,0.0,no
3566,0.0,no
3567,0.0,no
3568,0.0,no
3569,0.0,no
3570,0.0,no
3571,0.0,no
3572,2179.95,yes
3573,0.0,no
3574,0.0,no
3575,4279.92,yes
3576,0.0,no
3577,0.0,no
3578,0.0,no
3579,0.0,no
3580,0.0,no
3581,0.0,no
3582,0.0,no
3583,0.0,no
3584,0.0,no
3585,2209.94,yes
3586,0.0,no
3587,0.0,no
3588,2719.93,yes
3589,0.0,no
3590,0.0,no
3591,0.0,no
3592,0.0,no
3593,0.0,no
3594,0.0,no
3595,3059.9500000000003,yes
3596,0.0,no
3597,1589.95,yes
3598,0.0,no
3599,0.0,no
3600,0.0,no
3601,0.0,no
3602,0.0,no
3603,0.0,no
3604,0.0,no
3605,1379.95,yes
3606,0.0,no
3607,0.0,no
3608,0.0,no
3609,0.0,no
3610,0.0,no
3611,3579.92,yes
3612,0.0,no
3613,0.0,no
3614,0.0,no
3615,2619.95,yes
3616,0.0,no
3617,0.0,no
3618,0.0,no
3619,0.0,no
3620,4299.9400000000005,yes
3621,0.0,no
3622,0.0,no
3623,0.0,no
3624,0.0,no
3625,0.0,no
3626,0.0,no
3627,0.0,no
3628,0.0,no
3629,0.0,no
3630,0.0,no
3631,0.0,no
3632,0.0,no
3633,0.0,no
3634,3099.9300000000003,yes
3635,5499.92,yes
3636,0.0,no
3637,4699.9400000000005,yes
3638,0.0,no
3639,0.0,no
3640,0.0,no
3641,0.0,no
3642,0.0,no
3643,2399.9700000000003,yes
3644,0.0,no
3645,0.0,no
3646,1999.98,yes
3647,0.0,no
3648,0.0,no
3649,0.0,no
3650,0.0,no
3651,0.0,no
3652,0.0,no
3653,0.0,no
3654,0.0,no
3655,0.0,no
3656,0.0,no
3657,0.0,no
3658,2199.9700000000003,yes
3659,0.0,no
3660,0.0,no
3661,0.0,no
3662,0.0,no
3663,2999.9700000000003,yes
3664,0.0,no
3665,0.0,no
3666,1059.98,yes
3667,0.0,no
3668,0.0,no
3669,3999.9500000000003,yes
3670,0.0,no
3671,0.0,no
3672,0.0,no
3673,0.0,no
3674,0.0,no
3675,0.0,no
3676,0.0,no
3677,2499.96,yes
3678,0.0,no
3679,0.0,no
3680,0.0,no
3681,2399.96,yes
3682,3059.96,yes
3683,0.0,no
3684,0.0,no
3685,0.0,no
3686,0.0,no
3687,0.0,no
3688,0.0,no
3689,0.0,no
3690,0.0,no
3691,0.0,no
3692,0.0,no
3693,0.0,no
3694,0.0,no
3695,0.0,no
3696,0.0,no
3697,0.0,no
3698,0.0,no
3699,0.0,no
3700,0.0,no
3701,0.0,no
3702,0.0,no
3703,0.0,no
3704,0.0,no
3705,0.0,no
3706,2059.97,yes
3707,0.0,no
3708,0.0,no
3709,0.0,no
3710,0.0,no
3711,0.0,no
3712,1089.96,yes
3713,0.0,no
3714,3399.96,yes
3715,0.0,no
3716,0.0,no
3717,0.0,no
3718,0.0,no
3719,0.0,no
3720,0.0,no
3721,0.0,no
3722,0.0,no
3723,0.0,no
3724,0.0,no
3725,2599.95,yes
3726,0.0,no
3727,0.0,no
3728,0.0,no
3729,0.0,no
3730,0.0,no
3731,1999.98,yes
3732,0.0,no
3733,0.0,no
3734,0.0,no
3735,0.0,no
3736,0.0,no
3737,2499.9700000000003,yes
3738,0.0,no
3739,5299.93,yes
3740,0.0,no
3741,1089.96,yes
3742,0.0,no
3743,0.0,no
3744,0.0,no
3745,0.0,no
3746,0.0,no
3747,0.0,no
3748,0.0,no
3749,0.0,no
3750,3759.9400000000005,yes
3751,4159.9400000000005,yes
3752,0.0,no
3753,0.0,no
3754,2499.9700000000003,yes
3755,0.0,no
3756,2999.9700000000003,yes
3757,0.0,no
3758,2699.96,yes
3759,0.0,no
3760,0.0,no
3761,0.0,no
3762,0.0,no
3763,0.0,no
3764,0.0,no
3765,0.0,no
3766,0.0,no
3767,0.0,no
3768,0.0,no
3769,0.0,no
3770,0.0,no
3771,0.0,no
3772,0.0,no
3773,0.0,no
3774,1759.96,yes
3775,0.0,no
3776,0.0,no
3777,0.0,no
3778,0.0,no
3779,0.0,no
3780,0.0,no
3781,999.99,yes
3782,0.0,no
3783,0.0,no
3784,0.0,no
3785,0.0,no
3786,0.0,no
3787,0.0,no
3788,0.0,no
3789,2299.95,yes
3790,0.0,no
3791,0.0,no
3792,0.0,no
3793,0.0,no
3794,0.0,no
3795,0.0,no
3796,0.0,no
3797,0.0,no
3798,0.0,no
3799,0.0,no
3800,0.0,no
3801,0.0,no
3802,0.0,no
3803,0.0,no
3804,0.0,no
3805,0.0,no
3806,0.0,no
3807,3879.9300000000003,yes
3808,0.0,no
3809,0.0,no
3810,0.0,no
3811,0.0,no
3812,0.0,no
3813,0.0,no
3814,1399.97,yes
3815,0.0,no
3816,0.0,no
3817,1319.96,yes
3818,0.0,no
3819,0.0,no
3820,2299.95,yes
3821,0.0,no
3822,0.0,no
3823,0.0,no
3824,0.0,no
3825,0.0,no
3826,5099.93,yes
3827,0.0,no
3828,0.0,no
3829,0.0,no
3830,2059.97,yes
3831,0.0,no
3832,0.0,no
3833,0.0,no
3834,0.0,no
3835,0.0,no
3836,0.0,no
3837,0.0,no
3838,0.0,no
3839,0.0,no
3840,0.0,no
3841,0.0,no
3842,4099.92,yes
3843,0.0,no
3844,2999.9700000000003,yes
3845,0.0,no
3846,0.0,no
3847,0.0,no
3848,2629.94,yes
3849,0.0,no
3850,0.0,no
3851,0.0,no
3852,0.0,no
3853,0.0,no
3854,0.0,no
3855,0.0,no
3856,0.0,no
3857,3599.9400000000005,yes
3858,0.0,no
3859,0.0,no
3860,3999.9500000000003,yes
3861,0.0,no
3862,0.0,no
3863,0.0,no
3864,0.0,no
3865,0.0,no
3866,0.0,no
3867,0.0,no
3868,0.0,no
3869,3399.96,yes
3870,0.0,no
3871,0.0,no
3872,0.0,no
3873,3879.9300000000003,yes
3874,0.0,no
3875,0.0,no
3876,0.0,no
3877,0.0,no
3878,0.0,no
3879,0.0,no
3880,0.0,no
3881,0.0,no
3882,0.0,no
3883,999.99,yes
3884,0.0,no
3885,0.0,no
3886,2059.97,yes
3887,0.0,no
3888,0.0,no
3889,0.0,no
3890,2119.95,yes
3891,0.0,no
3892,0.0,no
3893,0.0,no
3894,0.0,no
3895,0.0,no
3896,0.0,no
3897,0.0,no
3898,0.0,no
3899,0.0,no
3900,0.0,no
3901,0.0,no
3902,0.0,no
3903,0.0,no
3904,1379.95,yes
3905,0.0,no
3906,4099.950000000001,yes
3907,0.0,no
3908,0.0,no
3909,0.0,no
3910,0.0,no
3911,0.0,no
3912,0.0,no
3913,0.0,no
3914,0.0,no
3915,0.0,no
3916,0.0,no
3917,0.0,no
3918,0.0,no
3919,0.0,no
3920,0.0,no
3921,0.0,no
3922,0.0,no
3923,0.0,no
3924,0.0,no
3925,0.0,no
3926,0.0,no
3927,0.0,no
3928,1229.97,yes
3929,0.0,no
3930,0.0,no
3931,2999.9700000000003,yes
3932,0.0,no
3933,0.0,no
3934,0.0,no
3935,0.0,no
3936,0.0,no
3937,0.0,no
3938,0.0,no
3939,0.0,no
3940,0.0,no
3941,0.0,no
3942,0.0,no
3943,0.0,no
3944,2999.9700000000003,yes
3945,0.0,no
3946,0.0,no
3947,0.0,no
3948,0.0,no
3949,0.0,no
3950,0.0,no
3951,0.0,no
3952,0.0,no
3953,0.0,no
3954,0.0,no
3955,2499.9700000000003,yes
3956,3399.96,yes
3957,0.0,no
3958,0.0,no
3959,0.0,no
3960,0.0,no
3961,0.0,no
3962,2259.95,yes
3963,0.0,no
3964,2599.95,yes
3965,0.0,no
3966,0.0,no
3967,0.0,no
3968,0.0,no
3969,0.0,no
3970,0.0,no
3971,4459.9400000000005,yes
3972,3319.9400000000005,yes
3973,1619.96,yes
3974,0.0,no
3975,3119.94,yes
3976,0.0,no
3977,3599.9300000000003,yes
3978,0.0,no
3979,0.0,no
3980,0.0,no
3981,0.0,no
3982,0.0,no
3983,0.0,no
3984,2699.96,yes
3985,0.0,no
3986,999.99,yes
3987,0.0,no
3988,0.0,no
3989,0.0,no
3990,0.0,no
3991,1259.97,yes
3992,0.0,no
3993,999.99,yes
3994,0.0,no
3995,0.0,no
3996,0.0,no
3997,0.0,no
3998,3259.9400000000005,yes
3999,0.0,no
4000,0.0,no
4001,0.0,no
4002,0.0,no
4003,0.0,no
4004,4699.9400000000005,yes
4005,2089.94,yes
4006,0.0,no
4007,0.0,no
4008,0.0,no
4009,0.0,no
4010,0.0,no
4011,1179.96,yes
4012,0.0,no
4013,0.0,no
4014,0.0,no
4015,0.0,no
4016,999.99,yes
4017,0.0,no
4018,5099.9400000000005,yes
4019,0.0,no
4020,0.0,no
4021,0.0,no
4022,3899.9400000000005,yes
4023,0.0,no
4024,0.0,no
4025,0.0,no
4026,0.0,no
4027,0.0,no
4028,0.0,no
4029,3099.9400000000005,yes
4030,0.0,no
4031,0.0,no
4032,0.0,no
4033,0.0,no
4034,2029.97,yes
4035,0.0,no
4036,0.0,no
4037,0.0,no
4038,0.0,no
4039,0.0,no
4040,0.0,no
4041,0.0,no
4042,0.0,no
4043,0.0,no
4044,0.0,no
4045,0.0,no
4046,1619.96,yes
4047,0.0,no
4048,0.0,no
4049,3499.96,yes
4050,0.0,no
4051,0.0,no
4052,0.0,no
4053,0.0,no
4054,0.0,no
4055,0.0,no
4056,0.0,no
4057,0.0,no
4058,0.0,no
4059,0.0,no
4060,0.0,no
4061,0.0,no
4062,0.0,no
4063,0.0,no
4064,0.0,no
4065,4599.93,yes
4066,0.0,no
4067,0.0,no
4068,0.0,no
4069,4559.93,yes
4070,0.0,no
4071,0.0,no
4072,0.0,no
4073,1029.98,yes
4074,0.0,no
4075,0.0,no
4076,2399.95,yes
4077,0.0,no
4078,0.0,no
4079,0.0,no
4080,0.0,no
4081,1089.96,yes
4082,0.0,no
4083,1499.98,yes
4084,2179.95,yes
4085,3129.95,yes
4086,0.0,no
4087,0.0,no
4088,0.0,no
4089,0.0,no
4090,0.0,no
4091,2599.95,yes
4092,1059.97,yes
4093,0.0,no
4094,0.0,no
4095,0.0,no
4096,0.0,no
4097,0.0,no
4098,0.0,no
4099,0.0,no
4100,0.0,no
4101,0.0,no
4102,0.0,no
4103,0.0,no
4104,0.0,no
4105,0.0,no
4106,0.0,no
4107,3699.9300000000003,yes
4108,0.0,no
4109,0.0,no
4110,0.0,no
4111,0.0,no
4112,0.0,no
4113,0.0,no
4114,0.0,no
4115,0.0,no
4116,0.0,no
4117,0.0,no
4118,0.0,no
4119,0.0,no
4120,0.0,no
4121,0.0,no
4122,0.0,no
4123,0.0,no
4124,0.0,no
4125,0.0,no
4126,1179.96,yes
4127,0.0,no
4128,0.0,no
4129,0.0,no
4130,3089.94,yes
4131,0.0,no
4132,0.0,no
4133,0.0,no
4134,0.0,no
4135,0.0,no
4136,0.0,no
4137,3189.9300000000003,yes
4138,2499.96,yes
4139,0.0,no
4140,0.0,no
4141,0.0,no
4142,0.0,no
4143,0.0,no
4144,0.0,no
4145,0.0,no
4146,0.0,no
4147,1659.95,yes
4148,0.0,no
4149,0.0,no
4150,0.0,no
4151,0.0,no
4152,0.0,no
4153,0.0,no
4154,0.0,no
4155,0.0,no
4156,1399.97,yes
4157,0.0,no
4158,0.0,no
4159,0.0,no
4160,0.0,no
4161,0.0,no
4162,0.0,no
4163,0.0,no
4164,0.0,no
4165,0.0,no
4166,0.0,no
4167,0.0,no
4168,3699.94,yes
4169,0.0,no
4170,3239.92,yes
4171,0.0,no
4172,0.0,no
4173,0.0,no
4174,0.0,no
4175,2679.94,yes
4176,3559.9400000000005,yes
4177,0.0,no
4178,0.0,no
4179,0.0,no
4180,0.0,no
4181,0.0,no
4182,0.0,no
4183,0.0,no
4184,4179.92,yes
4185,0.0,no
4186,0.0,no
4187,0.0,no
4188,0.0,no
4189,2299.95,yes
4190,0.0,no
4191,0.0,no
4192,0.0,no
4193,0.0,no
4194,0.0,no
4195,999.99,yes
4196,0.0,no
4197,0.0,no
4198,0.0,no
4199,0.0,no
4200,0.0,no
4201,0.0,no
4202,0.0,no
4203,0.0,no
4204,2999.9700000000003,yes
4205,0.0,no
4206,0.0,no
4207,2209.9399999999996,yes
4208,0.0,no
4209,0.0,no
4210,2579.94,yes
4211,0.0,no
4212,999.99,yes
4213,0.0,no
4214,1999.98,yes
4215,0.0,no
4216,1119.97,yes
4217,0.0,no
4218,0.0,no
4219,0.0,no
4220,0.0,no
4221,0.0,no
4222,0.0,no
4223,3699.9500000000003,yes
4224,0.0,no
4225,0.0,no
4226,0.0,no
4227,0.0,no
4228,0.0,no
4229,3779.9100000000003,yes
4230,0.0,no
4231,0.0,no
4232,0.0,no
4233,0.0,no
4234,0.0,no
4235,0.0,no
4236,0.0,no
4237,0.0,no
4238,0.0,no
4239,0.0,no
4240,2759.9500000000003,yes
4241,4129.9400000000005,yes
4242,0.0,no
4243,0.0,no
4244,3759.9500000000003,yes
4245,0.0,no
4246,0.0,no
4247,0.0,no
4248,0.0,no
4249,0.0,no
4250,0.0,no
4251,0.0,no
4252,0.0,no
4253,0.0,no
4254,0.0,no
4255,0.0,no
4256,0.0,no
4257,0.0,no
4258,0.0,no
4259,0.0,no
4260,0.0,no
4261,0.0,no
4262,0.0,no
4263,0.0,no
4264,0.0,no
4265,0.0,no
4266,0.0,no
4267,2289.94,yes
4268,0.0,no
4269,0.0,no
4270,4199.95,yes
4271,0.0,no
4272,0.0,no
4273,999.99,yes
4274,0.0,no
4275,0.0,no
4276,0.0,no
4277,0.0,no
4278,0.0,no
4279,0.0,no
4280,0.0,no
4281,0.0,no
4282,0.0,no
4283,0.0,no
4284,0.0,no
4285,0.0,no
4286,0.0,no
4287,0.0,no
4288,0.0,no
4289,0.0,no
4290,0.0,no
4291,0.0,no
4292,0.0,no
4293,0.0,no
4294,0.0,no
4295,0.0,no
4296,0.0,no
4297,0.0,no
4298,0.0,no
4299,0.0,no
4300,0.0,no
4301,2179.95,yes
4302,0.0,no
4303,0.0,no
4304,0.0,no
4305,0.0,no
4306,0.0,no
4307,0.0,no
4308,0.0,no
4309,0.0,no
4310,4089.92,yes
4311,0.0,no
4312,5699.910000000001,yes
4313,0.0,no
4314,999.99,yes
4315,0.0,no
4316,0.0,no
4317,0.0,no
4318,3429.94,yes
4319,0.0,no
4320,0.0,no
4321,0.0,no
4322,0.0,no
4323,0.0,no
4324,0.0,no
4325,0.0,no
4326,0.0,no
4327,0.0,no
4328,0.0,no
4329,0.0,no
4330,0.0,no
4331,0.0,no
4332,0.0,no
4333,0.0,no
4334,0.0,no
4335,0.0,no
4336,0.0,no
4337,0.0,no
4338,0.0,no
4339,0.0,no
4340,1599.96,yes
4341,0.0,no
4342,0.0,no
4343,0.0,no
4344,0.0,no
4345,2519.95,yes
4346,0.0,no
4347,1119.97,yes
4348,0.0,no
4349,0.0,no
4350,0.0,no
4351,0.0,no
4352,0.0,no
4353,0.0,no
4354,0.0,no
4355,0.0,no
4356,0.0,no
4357,0.0,no
4358,999.99,yes
4359,0.0,no
4360,0.0,no
4361,0.0,no
4362,999.99,yes
4363,0.0,no
4364,0.0,no
4365,0.0,no
4366,0.0,no
4367,0.0,no
4368,0.0,no
4369,0.0,no
4370,0.0,no
4371,0.0,no
4372,3279.93,yes
4373,0.0,no
4374,0.0,no
4375,0.0,no
4376,0.0,no
4377,0.0,no
4378,0.0,no
4379,0.0,no
4380,0.0,no
4381,2559.95,yes
4382,0.0,no
4383,0.0,no
4384,0.0,no
4385,0.0,no
4386,0.0,no
4387,0.0,no
4388,0.0,no
4389,0.0,no
4390,0.0,no
4391,0.0,no
4392,0.0,no
4393,0.0,no
4394,0.0,no
4395,3789.9300000000003,yes
4396,1659.94,yes
4397,1029.98,yes
4398,0.0,no
4399,0.0,no
4400,0.0,no
4401,0.0,no
4402,0.0,no
4403,2179.95,yes
4404,0.0,no
4405,0.0,no
4406,0.0,no
4407,0.0,no
4408,2999.9700000000003,yes
4409,0.0,no
4410,0.0,no
4411,0.0,no
4412,0.0,no
4413,2199.96,yes
4414,0.0,no
4415,0.0,no
4416,0.0,no
4417,0.0,no
4418,0.0,no
4419,0.0,no
4420,0.0,no
4421,0.0,no
4422,0.0,no
4423,0.0,no
4424,0.0,no
4425,999.99,yes
4426,0.0,no
4427,0.0,no
4428,5099.9400000000005,yes
4429,0.0,no
4430,3159.9400000000005,yes
4431,2679.94,yes
4432,3119.9500000000003,yes
4433,3579.92,yes
4434,0.0,no
4435,0.0,no
4436,0.0,no
4437,0.0,no
4438,0.0,no
4439,0.0,no
4440,0.0,no
4441,0.0,no
4442,0.0,no
4443,0.0,no
4444,0.0,no
4445,0.0,no
4446,0.0,no
4447,0.0,no
4448,0.0,no
4449,3589.93,yes
4450,1179.96,yes
4451,0.0,no
4452,0.0,no
4453,0.0,no
4454,0.0,no
4455,0.0,no
4456,3179.94,yes
4457,0.0,no
4458,0.0,no
4459,0.0,no
4460,0.0,no
4461,0.0,no
4462,0.0,no
4463,0.0,no
4464,0.0,no
4465,0.0,no
4466,0.0,no
4467,2489.93,yes
4468,0.0,no
4469,2199.9700000000003,yes
4470,0.0,no
4471,0.0,no
4472,0.0,no
4473,0.0,no
4474,0.0,no
4475,0.0,no
4476,0.0,no
4477,0.0,no
4478,2899.95,yes
4479,0.0,no
4480,1059.97,yes
4481,0.0,no
4482,0.0,no
4483,5399.93,yes
4484,0.0,no
4485,0.0,no
4486,0.0,no
4487,0.0,no
4488,0.0,no
4489,0.0,no
4490,2259.95,yes
4491,0.0,no
4492,0.0,no
4493,5499.92,yes
4494,0.0,no
4495,0.0,no
4496,0.0,no
4497,0.0,no
4498,0.0,no
4499,0.0,no
4500,0.0,no
4501,0.0,no
4502,0.0,no
4503,0.0,no
4504,4119.93,yes
4505,0.0,no
4506,0.0,no
4507,0.0,no
4508,0.0,no
4509,3999.9500000000003,yes
4510,0.0,no
4511,0.0,no
4512,0.0,no
4513,0.0,no
4514,0.0,no
4515,4099.950000000001,yes
4516,0.0,no
4517,2459.96,yes
4518,0.0,no
4519,0.0,no
4520,0.0,no
4521,0.0,no
4522,0.0,no
4523,4279.92,yes
4524,0.0,no
4525,0.0,no
4526,0.0,no
4527,0.0,no
4528,0.0,no
4529,0.0,no
4530,0.0,no
4531,0.0,no
4532,0.0,no
4533,0.0,no
4534,0.0,no
4535,0.0,no
4536,0.0,no
4537,0.0,no
4538,0.0,no
4539,0.0,no
4540,0.0,no
4541,0.0,no
4542,0.0,no
4543,0.0,no
4544,0.0,no
4545,1999.98,yes
4546,0.0,no
4547,3779.9100000000003,yes
4548,0.0,no
4549,0.0,no
4550,0.0,no
4551,0.0,no
4552,0.0,no
4553,0.0,no
4554,5399.93,yes
4555,0.0,no
4556,0.0,no
4557,2599.95,yes
4558,0.0,no
4559,0.0,no
4560,3459.9300000000003,yes
4561,2619.95,yes
4562,0.0,no
4563,0.0,no
4564,0.0,no
4565,0.0,no
4566,0.0,no
4567,0.0,no
4568,0.0,no
4569,0.0,no
4570,4399.950000000001,yes
4571,0.0,no
4572,0.0,no
4573,0.0,no
4574,0.0,no
4575,0.0,no
4576,0.0,no
4577,0.0,no
4578,999.99,yes
4579,0.0,no
4580,0.0,no
4581,0.0,no
4582,0.0,no
4583,0.0,no
4584,5099.93,yes
4585,0.0,no
4586,0.0,no
4587,4099.950000000001,yes
4588,0.0,no
4589,0.0,no
4590,0.0,no
4591,0.0,no
4592,0.0,no
4593,0.0,no
4594,0.0,no
4595,4059.9300000000003,yes
4596,0.0,no
4597,2679.94,yes
4598,0.0,no
4599,0.0,no
4600,0.0,no
4601,0.0,no
4602,0.0,no
4603,1999.98,yes
4604,5219.92,yes
4605,3029.96,yes
4606,0.0,no
4607,0.0,no
4608,0.0,no
4609,0.0,no
4610,0.0,no
4611,0.0,no
4612,0.0,no
4613,0.0,no
4614,0.0,no
4615,0.0,no
4616,2699.9700000000003,yes
4617,0.0,no
4618,0.0,no
4619,0.0,no
4620,999.99,yes
4621,0.0,no
4622,0.0,no
4623,0.0,no
4624,0.0,no
4625,0.0,no
4626,3129.95,yes
4627,1149.96,yes
4628,0.0,no
4629,0.0,no
4630,0.0,no
4631,1999.98,yes
4632,0.0,no
4633,0.0,no
4634,0.0,no
4635,0.0,no
4636,0.0,no
4637,3029.96,yes
4638,1679.95,yes
4639,0.0,no
4640,0.0,no
4641,3179.9300000000003,yes
4642,0.0,no
4643,3699.95,yes
4644,0.0,no
4645,0.0,no
4646,0.0,no
4647,0.0,no
4648,0.0,no
4649,0.0,no
4650,2579.93,yes
4651,0.0,no
4652,0.0,no
4653,0.0,no
4654,0.0,no
4655,0.0,no
4656,0.0,no
4657,0.0,no
4658,0.0,no
4659,0.0,no
4660,0.0,no
4661,0.0,no
4662,0.0,no
4663,0.0,no
4664,0.0,no
4665,0.0,no
4666,0.0,no
4667,0.0,no
4668,2089.95,yes
4669,0.0,no
4670,3699.96,yes
4671,0.0,no
4672,0.0,no
4673,0.0,no
4674,0.0,no
4675,0.0,no
4676,0.0,no
4677,0.0,no
4678,0.0,no
4679,0.0,no
4680,0.0,no
4681,0.0,no
4682,0.0,no
4683,3619.93,yes
4684,0.0,no
4685,0.0,no
4686,0.0,no
4687,0.0,no
4688,0.0,no
4689,3999.9500000000003,yes
4690,0.0,no
4691,4199.950000000001,yes
4692,3059.94,yes
4693,0.0,no
4694,0.0,no
4695,0.0,no
4696,0.0,no
4697,0.0,no
4698,0.0,no
4699,0.0,no
4700,1999.97,yes
4701,0.0,no
4702,2149.95,yes
4703,1599.96,yes
4704,0.0,no
4705,1059.97,yes
4706,3319.9400000000005,yes
4707,0.0,no
4708,0.0,no
4709,0.0,no
4710,0.0,no
4711,0.0,no
4712,0.0,no
4713,0.0,no
4714,0.0,no
4715,0.0,no
4716,0.0,no
4717,0.0,no
4718,0.0,no
4719,0.0,no
4720,0.0,no
4721,0.0,no
4722,0.0,no
4723,0.0,no
4724,0.0,no
4725,0.0,no
4726,0.0,no
4727,3119.9500000000003,yes
4728,0.0,no
4729,0.0,no
4730,0.0,no
4731,0.0,no
4732,0.0,no
4733,0.0,no
4734,0.0,no
4735,0.0,no
4736,0.0,no
4737,0.0,no
4738,0.0,no
4739,0.0,no
4740,0.0,no
4741,0.0,no
4742,0.0,no
4743,0.0,no
4744,0.0,no
4745,0.0,no
4746,0.0,no
4747,0.0,no
4748,0.0,no
4749,3489.9300000000003,yes
4750,0.0,no
4751,0.0,no
4752,3599.9500000000003,yes
4753,0.0,no
4754,0.0,no
4755,0.0,no
4756,0.0,no
4757,0.0,no
4758,0.0,no
4759,0.0,no
4760,0.0,no
4761,0.0,no
4762,0.0,no
4763,0.0,no
4764,3239.92,yes
4765,3399.94,yes
4766,4699.93,yes
4767,0.0,no
4768,0.0,no
4769,0.0,no
4770,2699.9700000000003,yes
4771,4399.9400000000005,yes
4772,0.0,no
4773,0.0,no
4774,0.0,no
4775,0.0,no
4776,0.0,no
4777,0.0,no
4778,0.0,no
4779,5099.9400000000005,yes
4780,0.0,no
4781,0.0,no
4782,0.0,no
4783,0.0,no
4784,0.0,no
4785,0.0,no
4786,0.0,no
4787,3999.9500000000003,yes
4788,0.0,no
4789,0.0,no
4790,0.0,no
4791,0.0,no
4792,0.0,no
4793,0.0,no
4794,0.0,no
4795,3559.9300000000003,yes
4796,0.0,no
4797,3429.94,yes
4798,0.0,no
4799,0.0,no
4800,0.0,no
4801,0.0,no
4802,0.0,no
4803,0.0,no
4804,0.0,no
4805,0.0,no
4806,0.0,no
4807,0.0,no
4808,0.0,no
4809,0.0,no
4810,0.0,no
4811,0.0,no
4812,0.0,no
4813,0.0,no
4814,0.0,no
4815,2199.9700000000003,yes
4816,0.0,no
4817,0.0,no
4818,0.0,no
4819,0.0,no
4820,0.0,no
4821,0.0,no
4822,0.0,no
4823,0.0,no
4824,0.0,no
4825,3499.96,yes
4826,3119.9500000000003,yes
4827,0.0,no
4828,0.0,no
4829,0.0,no
4830,0.0,no
4831,0.0,no
4832,0.0,no
4833,0.0,no
4834,3519.9300000000003,yes
4835,4899.93,yes
4836,0.0,no
4837,0.0,no
4838,3759.9400000000005,yes
4839,0.0,no
4840,0.0,no
4841,0.0,no
4842,0.0,no
4843,0.0,no
4844,0.0,no
4845,0.0,no
4846,1999.98,yes
4847,0.0,no
4848,0.0,no
4849,0.0,no
4850,0.0,no
4851,0.0,no
4852,0.0,no
4853,0.0,no
4854,0.0,no
4855,0.0,no
4856,0.0,no
4857,0.0,no
4858,0.0,no
4859,3189.9300000000003,yes
4860,3699.9500000000003,yes
4861,0.0,no
4862,0.0,no
4863,0.0,no
4864,0.0,no
4865,0.0,no
4866,0.0,no
4867,0.0,no
4868,0.0,no
4869,0.0,no
4870,0.0,no
4871,0.0,no
4872,0.0,no
4873,3559.9400000000005,yes
4874,0.0,no
4875,3299.9500000000003,yes
4876,0.0,no
4877,0.0,no
4878,0.0,no
4879,0.0,no
4880,0.0,no
4881,0.0,no
4882,0.0,no
4883,3399.9500000000003,yes
4884,0.0,no
4885,4599.9400000000005,yes
4886,0.0,no
4887,0.0,no
4888,0.0,no
4889,0.0,no
4890,0.0,no
4891,0.0,no
4892,0.0,no
4893,3199.96,yes
4894,0.0,no
4895,0.0,no
4896,0.0,no
4897,0.0,no
4898,0.0,no
4899,0.0,no
4900,0.0,no
4901,0.0,no
4902,0.0,no
4903,0.0,no
4904,0.0,no
4905,0.0,no
4906,0.0,no
4907,0.0,no
4908,0.0,no
4909,0.0,no
4910,4899.93,yes
4911,0.0,no
4912,0.0,no
4913,0.0,no
4914,0.0,no
4915,0.0,no
4916,0.0,no
4917,0.0,no
4918,0.0,no
4919,0.0,no
4920,0.0,no
4921,0.0,no
4922,0.0,no
4923,0.0,no
4924,3499.95,yes
4925,0.0,no
4926,0.0,no
4927,0.0,no
4928,2519.94,yes
4929,0.0,no
4930,0.0,no
4931,0.0,no
4932,0.0,no
4933,0.0,no
4934,0.0,no
4935,0.0,no
4936,0.0,no
4937,0.0,no
4938,0.0,no
4939,0.0,no
4940,0.0,no
4941,0.0,no
4942,0.0,no
4943,0.0,no
4944,0.0,no
4945,0.0,no
4946,0.0,no
4947,0.0,no
4948,0.0,no
4949,2779.9199999999996,yes
4950,0.0,no
4951,0.0,no
4952,999.99,yes
4953,0.0,no
4954,0.0,no
4955,0.0,no
4956,0.0,no
4957,3379.93,yes
4958,0.0,no
4959,0.0,no
4960,0.0,no
4961,0.0,no
4962,0.0,no
4963,0.0,no
4964,1179.96,yes
4965,0.0,no
4966,0.0,no
4967,0.0,no
4968,999.99,yes
4969,0.0,no
4970,0.0,no
4971,0.0,no
4972,6099.92,yes
4973,0.0,no
4974,0.0,no
4975,0.0,no
4976,0.0,no
4977,0.0,no
4978,0.0,no
4979,0.0,no
4980,4599.92,yes
4981,0.0,no
4982,0.0,no
4983,5499.92,yes
4984,0.0,no
4985,0.0,no
4986,0.0,no
4987,0.0,no
4988,0.0,no
4989,0.0,no
4990,4099.950000000001,yes
4991,0.0,no
4992,0.0,no
4993,0.0,no
4994,4099.950000000001,yes
4995,0.0,no
4996,0.0,no
4997,0.0,no
4998,999.99,yes
4999,0.0,no
5000,3119.9500000000003,yes
