website|url|product_sku|product_name|brand|original_price|sale_price|category|total_number_of_reviews|1_star|2_star|3_star|4_star|5_star|review_title|review_text|date_of_purchase|place_of_purchase
Nora Gardner|https://noragardner.com/collections/new-collection/products/sarah-dress-navy|7353469927518|sarah-dress-navy|Nora Gardner|$348|$348|Women’s Workwear Just In|1|0|0|0|0|1||The perfect chic work dress - flattering, professional, comfortable. If you’re a fan of Nora’s Sleeved Evelyn dress, this is a must ❤️|2025-04-21|
Nora Gardner|https://noragardner.com/collections/new-collection/products/evelyn-dress-light-grey-wool|4415443271774|evelyn-dress-light-grey-wool|Nora Gardner|$348|$348|Women’s Workwear Just In|3|0|0|1|0|2||I love this dress! the fit is perfect, I use it to go to the office and for special occasions too, I highly recommend it.|2025-04-21|
Nora Gardner|https://noragardner.com/collections/new-collection/products/evelyn-dress-light-grey-wool|4415443271774|evelyn-dress-light-grey-wool|Nora Gardner|$348|$348|Women’s Workwear Just In|3|0|0|1|0|2||Perfect work dress! Great in both summer and fall.|2025-04-09|
Nora Gardner|https://noragardner.com/collections/new-collection/products/evelyn-dress-light-grey-wool|4415443271774|evelyn-dress-light-grey-wool|Nora Gardner|$348|$348|Women’s Workwear Just In|3|0|0|1|0|2|Way too big on top|Way too big on top for my chest and the zipper in front was a surprise. The collar is great . The material is great. I wish it fit up top. It is a great style.|2021-03-04|
Nora Gardner|https://noragardner.com/collections/new-collection/products/alanna-blazer-navy|333511819305|alanna-blazer-navy|Nora Gardner|$368|$368|Women’s Workwear Just In|3|0|0|0|0|3|Easily my favorite blazer. Have|Easily my favorite blazer. Have it in 3 colors. Wrinkle free stretch crepe. Paid with Audrey pants or Chelsea skirt to make a suit.|2020-07-30|
Nora Gardner|https://noragardner.com/collections/new-collection/products/alanna-blazer-navy|333511819305|alanna-blazer-navy|Nora Gardner|$368|$368|Women’s Workwear Just In|3|0|0|0|0|3|Love it! Fits great!|Love it! Fits great!|2019-06-28|
Nora Gardner|https://noragardner.com/collections/new-collection/products/alanna-blazer-navy|333511819305|alanna-blazer-navy|Nora Gardner|$368|$368|Women’s Workwear Just In|3|0|0|0|0|3|Nora Gardner Alanna Blazer - Navy|Great blazer! I have this blazer in black as well and it looks wonderful with the Alyssa dress or the Chelsea skirt. I have received a lot of compliments. It fits wonderfully and does not wrinkle when I travel for work.|2018-01-12|
Nora Gardner|https://noragardner.com/collections/new-collection/products/alanna-blazer-black|6771751237|alanna-blazer-black|Nora Gardner|$368|$368|Women’s Workwear Just In|13|0|0|0|0|13||"Perfect fit. 
Stylish 
Lush
Practical 
Love it.  
I’d like one in hot pink! 
Xoxo"|2025-06-05|
Nora Gardner|https://noragardner.com/collections/new-collection/products/alanna-blazer-black|6771751237|alanna-blazer-black|Nora Gardner|$368|$368|Women’s Workwear Just In|13|0|0|0|0|13|Fantastic blazer!|I have seven of the Alanna blazers total in navy and black. I travel for work and these do not wrinkle and always look good. They look great with the Alyssa dress and the Chelsea skirt. Most of my work suits are by Nora Gardner because I love the styles and how wrinkle free they are.|2023-03-25|
Nora Gardner|https://noragardner.com/collections/new-collection/products/alanna-blazer-black|6771751237|alanna-blazer-black|Nora Gardner|$368|$368|Women’s Workwear Just In|13|0|0|0|0|13|Perfect fit!|It was like it was designed specifically for me! Goes with everything ! I love it.|2022-06-28|
Nora Gardner|https://noragardner.com/collections/new-collection/products/alanna-blazer-black|6771751237|alanna-blazer-black|Nora Gardner|$368|$368|Women’s Workwear Just In|13|0|0|0|0|13|A must have - perfect|A must have - perfect staple black blazer, travels well (no wrinkling) and goes with everything - add the Chelsea skirt or Audrey pants for a full suit.|2020-07-30|
Nora Gardner|https://noragardner.com/collections/new-collection/products/alanna-blazer-black|6771751237|alanna-blazer-black|Nora Gardner|$368|$368|Women’s Workwear Just In|13|0|0|0|0|13|Elegant jacket. Very versatile.|Elegant jacket. Very versatile.|2019-10-03|
Nora Gardner|https://noragardner.com/collections/new-collection/products/alanna-blazer-black|6771751237|alanna-blazer-black|Nora Gardner|$368|$368|Women’s Workwear Just In|13|0|0|0|0|13|I love the fabric and|I love the fabric and the fit.|2019-08-17|
Nora Gardner|https://noragardner.com/collections/new-collection/products/alanna-blazer-black|6771751237|alanna-blazer-black|Nora Gardner|$368|$368|Women’s Workwear Just In|13|0|0|0|0|13|Love the cut and it|"Love the cut and it falls well. Make a lighter version for the summer ! 
Quality of material is important as well for making a buying decision."|2019-06-19|
Nora Gardner|https://noragardner.com/collections/new-collection/products/alanna-blazer-black|6771751237|alanna-blazer-black|Nora Gardner|$368|$368|Women’s Workwear Just In|13|0|0|0|0|13|Stylish. Comfortable. Amazing.|I don't exaggerate when I say this: I truly love my Nora Gardner suit. I purchased it (last-minute) to run a 700 people conference at Harvard. I had to both speak in front of everyone, and also run around (a lot) to fix things in the background. I felt good-looking and powerful, yet also comfortable and inhibited -- quite literally like I could move mountains! My only wish/regret is that there aren't (yet?) more jackets and pants to pick from -- if I could mix and match, I'd see myself wearing Nora Gardner every day. I fullheartedly recommend their garments!|2018-10-08|
Nora Gardner|https://noragardner.com/collections/new-collection/products/alanna-blazer-black|6771751237|alanna-blazer-black|Nora Gardner|$368|$368|Women’s Workwear Just In|13|0|0|0|0|13|Classic Business suits!|"I am so excited to wear my 2 new dresses from Nora Gardner! The Evelyn dress in peacock and the Verana dress in royal blue are stunning and classic for meetings with my clients. Love the fit! 
Thank you. Cami Gibertini Senior Vice President, Director of Women Entrepreneurs at Valley National Bank"|2018-05-31|
Nora Gardner|https://noragardner.com/collections/new-collection/products/alanna-blazer-black|6771751237|alanna-blazer-black|Nora Gardner|$368|$368|Women’s Workwear Just In|13|0|0|0|0|13|Great blazer- love the no lapel collar|The merlot blazer is great with pants, dresses and denim. Want one in black and other colors to come.|2017-05-29|
Nora Gardner|https://noragardner.com/collections/new-collection/products/alanna-blazer-black|6771751237|alanna-blazer-black|Nora Gardner|$368|$368|Women’s Workwear Just In|13|0|0|0|0|13|Love this blazer|This blazer has a great fit and silhouette. I wear it with both work clothes and jeans/jeggimgs. I couldn't have survived the fall and winter without it and will probably continue to wear it through spring and possibly the summer. It is well made and constructive.|2017-05-13|
Nora Gardner|https://noragardner.com/collections/new-collection/products/alanna-blazer-black|6771751237|alanna-blazer-black|Nora Gardner|$368|$368|Women’s Workwear Just In|13|0|0|0|0|13|Nice Designs|I love all NG collections!|2016-12-19|
Nora Gardner|https://noragardner.com/collections/new-collection/products/alanna-blazer-black|6771751237|alanna-blazer-black|Nora Gardner|$368|$368|Women’s Workwear Just In|13|0|0|0|0|13|Nice Collection!!|I like this pattern its too different I bought this dress.|2016-11-18|
Nora Gardner|https://noragardner.com/collections/power-dresses/products/plaza-dress-scarlet-red|6753792655454|plaza-dress-scarlet-red|Nora Gardner|$298|$298|POWER DRESSES|3|0|0|1|0|2|Absolutely stunning!|Wow stunning dress!|2024-07-02|
Nora Gardner|https://noragardner.com/collections/power-dresses/products/plaza-dress-scarlet-red|6753792655454|plaza-dress-scarlet-red|Nora Gardner|$298|$298|POWER DRESSES|3|0|0|1|0|2|smaller size than expected.|smaller size than expected.|2024-05-02|
Nora Gardner|https://noragardner.com/collections/power-dresses/products/plaza-dress-scarlet-red|6753792655454|plaza-dress-scarlet-red|Nora Gardner|$298|$298|POWER DRESSES|3|0|0|1|0|2|Stunning|This is the perfect dress! So flattering and stunningly beautiful.|2023-05-15|
Nora Gardner|https://noragardner.com/collections/power-dresses/products/alyssa-dress-v-back-charcoal|6795823415390|alyssa-dress-v-back-charcoal|Nora Gardner|$348|$348|POWER DRESSES|2|0|0|0|0|2||Fantastic dress! I own it in 5 colours. Works wonderfully with the Alanna blazer for a fantastic suit.|2025-02-07|
Nora Gardner|https://noragardner.com/collections/power-dresses/products/alyssa-dress-v-back-charcoal|6795823415390|alyssa-dress-v-back-charcoal|Nora Gardner|$348|$348|POWER DRESSES|2|0|0|0|0|2|Charcoal chic style|Love the cut of the dress and the fabric is soft and chic.|2024-03-01|
Nora Gardner|https://noragardner.com/collections/power-dresses/products/ubrique-dress-deep-purple|6603437244510|ubrique-dress-deep-purple|Nora Gardner|$298|$298|POWER DRESSES|2|0|0|2|0|0|Runs very small|This is a very nice dress, but it fits extremely small. I am a size 2 and even the medium is very tight on me. It is a UK brand, but I normally wouldn’t need a large in a UK dress. I|2023-12-18|
Nora Gardner|https://noragardner.com/collections/power-dresses/products/ubrique-dress-deep-purple|6603437244510|ubrique-dress-deep-purple|Nora Gardner|$298|$298|POWER DRESSES|2|0|0|2|0|0|||2024-08-22|
Nora Gardner|https://noragardner.com/collections/best-sellers-1/products/donna-dress-teal|6577894293598|donna-dress-teal|Nora Gardner|$270|$270|Our Most-Loved Looks|3|0|0|0|1|2||Fits beautifully and color is perfect.  Very well made.  Would recommend this dress|2024-08-06|
Nora Gardner|https://noragardner.com/collections/best-sellers-1/products/donna-dress-teal|6577894293598|donna-dress-teal|Nora Gardner|$270|$270|Our Most-Loved Looks|3|0|0|0|1|2|Didn’t fit right at the|Didn’t fit right at the top|2023-04-23|
Nora Gardner|https://noragardner.com/collections/best-sellers-1/products/donna-dress-teal|6577894293598|donna-dress-teal|Nora Gardner|$270|$270|Our Most-Loved Looks|3|0|0|0|1|2|I love the fit of|I love the fit of this dress~ perfect length! I bought a medium because I read they ran small & the fit was perfect! The color is beautiful too!|2022-01-04|
Nora Gardner|https://noragardner.com/collections/best-sellers-1/products/ubrique-dress-navy|6603439669342|ubrique-dress-navy|Nora Gardner|$298|$298|Our Most-Loved Looks|2|0|0|0|0|2|Beautiful deep navy color and|Beautiful deep navy color and fantastic design! Very flattering dress.|2022-01-28|
Nora Gardner|https://noragardner.com/collections/best-sellers-1/products/ubrique-dress-navy|6603439669342|ubrique-dress-navy|Nora Gardner|$298|$298|Our Most-Loved Looks|2|0|0|0|0|2|Great fit and perfect for|Great fit and perfect for day or night!|2021-11-19|
Nora Gardner|https://noragardner.com/collections/best-sellers-1/products/sleeved-evelyn-dress-electric-blue|6910249435230|sleeved-evelyn-dress-electric-blue|Nora Gardner|$368|$368|Our Most-Loved Looks|2|0|0|0|0|2||it is a great dress|2025-04-14|
Nora Gardner|https://noragardner.com/collections/best-sellers-1/products/sleeved-evelyn-dress-electric-blue|6910249435230|sleeved-evelyn-dress-electric-blue|Nora Gardner|$368|$368|Our Most-Loved Looks|2|0|0|0|0|2|||2024-10-29|
Nora Gardner|https://noragardner.com/collections/best-sellers-1/products/sleeved-evelyn-dress-light-charcoal|7287103848542|sleeved-evelyn-dress-light-charcoal|Nora Gardner|$368|$368|Our Most-Loved Looks|1|0|0|0|0|1||I really love this dress! The color and the shape is so elegant|2025-02-10|
Nora Gardner|https://noragardner.com/collections/best-sellers-1/products/eloise-dress-ruby|7063329767518|eloise-dress-ruby|Nora Gardner|$298|$298|Our Most-Loved Looks|1|0|0|0|0|1||"Amazing dress. I've wore it twice since purchasing it earlier this month
 It will be a my go to dress this fall."|2025-05-23|
Nora Gardner|https://noragardner.com/collections/trending-now/products/sleeved-evelyn-dress-black|9049647237|sleeved-evelyn-dress-black|Nora Gardner|$368|$368|Trending Workwear Styles|3|0|0|0|0|3|Amazing Stylish Dress!|I bought this dress to wear for an upcoming speaking engagement. When I arrived at the event, a law firm partner with whom I was co-presenting was wearing the exact same Evelyn dress in black! We both styled the dress very differently, it looked great on both of us, and nobody realized we were wearing the same dress! We also received tremendous compliments about how stylish we looked during our dinner engagement. I highly recommend this dress!|2023-09-10|
Nora Gardner|https://noragardner.com/collections/trending-now/products/sleeved-evelyn-dress-black|9049647237|sleeved-evelyn-dress-black|Nora Gardner|$368|$368|Trending Workwear Styles|3|0|0|0|0|3|Perfect for the Mayor meeting|Very professional, perfect for meeting with the Mayor’s office. Received many compliments.|2018-10-20|
Nora Gardner|https://noragardner.com/collections/trending-now/products/sleeved-evelyn-dress-black|9049647237|sleeved-evelyn-dress-black|Nora Gardner|$368|$368|Trending Workwear Styles|3|0|0|0|0|3|Amazing Dress!|The Evelyn dress is stylish, professional and comfortable! After wearing this dress at the office all day, I had to catch a flight without time to change-- this dress provided comfort, and at the end of the flight it was still without a single wrinkle.|2017-11-23|
Nora Gardner|https://noragardner.com/collections/trending-now/products/alyssa-dress-navy|1641020883038|alyssa-dress-navy|Nora Gardner|$348|$348|Trending Workwear Styles|2|0|0|0|0|2||"Love the fit, comfort, and professional style. Wore it today for work, it was perfect. Pockets are important, these are good. Could be slightly deeper for a cell phone. 
I’ll get this style again.  
Love this dress."|2025-04-23|
Nora Gardner|https://noragardner.com/collections/trending-now/products/alyssa-dress-navy|1641020883038|alyssa-dress-navy|Nora Gardner|$348|$348|Trending Workwear Styles|2|0|0|0|0|2|Alyssa navy dress|This is a fabulous dress. The color and cut are really really beautiful.|2019-02-15|
Nora Gardner|https://noragardner.com/collections/trending-now/products/alyssa-dress-v-back-eggplant|3965541056606|alyssa-dress-v-back-eggplant|Nora Gardner|$328|$328|Trending Workwear Styles|1|0|0|0|0|1|Always love your designs Because|"Always love your designs
Because they are classic."|2021-04-06|
Nora Gardner|https://noragardner.com/collections/trending-now/products/ubrique-dress-cobalt-blue|6603811225694|ubrique-dress-cobalt-blue|Nora Gardner|$298|$298|Trending Workwear Styles|1|0|0|0|0|1||This is a gorgeous dress! Beautiful details. I usually wear a small or medium, and in this one, I could have gone to a large, so I think if you have any curves, size up. I'm keeping rather than exchanging because of course I'm working to lose ten pounds. :D|2024-10-07|
Nora Gardner|https://noragardner.com/collections/trending-now/products/ingrid-jacket-black|6748708536414|ingrid-jacket-black|Nora Gardner|$298|$298|Trending Workwear Styles|1|0|0|0|0|1|Stunning Jacket|Absolutely loved this blazer! Its quality, its fit, its elegance and overall beauty are truly superior!|2024-04-01|
Nora Gardner|https://noragardner.com/collections/suiting/products/audrey-pant-navy|7387103877|audrey-pant-navy|Nora Gardner|$268|$268|Women’s Suits|5|0|0|0|0|5|Love them! Already have them|Love them! Already have them in black and the navy color is just as great.|2021-01-13|
Nora Gardner|https://noragardner.com/collections/suiting/products/audrey-pant-navy|7387103877|audrey-pant-navy|Nora Gardner|$268|$268|Women’s Suits|5|0|0|0|0|5|Look professional but feel like|Look professional but feel like PJs. I love this!|2020-07-30|
Nora Gardner|https://noragardner.com/collections/suiting/products/audrey-pant-navy|7387103877|audrey-pant-navy|Nora Gardner|$268|$268|Women’s Suits|5|0|0|0|0|5|Perfect fit|Light weight and so comfortable. Love the fit and the look.|2019-10-25|
Nora Gardner|https://noragardner.com/collections/suiting/products/audrey-pant-navy|7387103877|audrey-pant-navy|Nora Gardner|$268|$268|Women’s Suits|5|0|0|0|0|5|Amazing! A total wardrobe staple!|Amazing! A total wardrobe staple!|2018-12-14|
Nora Gardner|https://noragardner.com/collections/suiting/products/audrey-pant-navy|7387103877|audrey-pant-navy|Nora Gardner|$268|$268|Women’s Suits|5|0|0|0|0|5|Great pant and perfect navy shade|"Loving these pants! They are a modern fit and silhouette, the fabric is light enough on a hot day but never wrinkles and doesn't stretch out, and the navy is a chic shade (dark and subtle, not too blue). Am about 5'7"" and they hit just above ankle-had one leg lengthened slightly (my lopsided body, not the pants). More great things Nora!!"|2017-06-12|
Nora Gardner|https://noragardner.com/collections/suiting/products/clea-dress-black|4450295971934|clea-dress-black|Nora Gardner|$328|$328|Women’s Suits|1|0|0|0|0|1|The best LBD|Love this dress. Great fit, perfect for any occasion. Makes me feel great,strong and powerful. An instant favorite in my wardrobe|2021-04-21|
Nora Gardner|https://noragardner.com/collections/suiting/products/pants-black|7386170245|pants-black|Nora Gardner|$268|$268|Women’s Suits|5|0|0|0|0|5|Beautiful form fitting slacks. Little|Beautiful form fitting slacks. Little longer in length but I’m only 5’1” and a pretty slit in the bottom leg. Received very quickly. Would recommend.|2021-05-29|
Nora Gardner|https://noragardner.com/collections/suiting/products/pants-black|7386170245|pants-black|Nora Gardner|$268|$268|Women’s Suits|5|0|0|0|0|5|Perfect pants|These fit me perfectly. Higher rise, 29 inch inseam and nice taper to the ankle. Fabric falls beautifully and they are machine washable. Slim fit and no pockets to disturb the lines.|2021-01-12|
Nora Gardner|https://noragardner.com/collections/suiting/products/pants-black|7386170245|pants-black|Nora Gardner|$268|$268|Women’s Suits|5|0|0|0|0|5|Perfect Pant|The weight of the fabric is just right and these pants are so comfortable.|2019-08-22|
Nora Gardner|https://noragardner.com/collections/suiting/products/pants-black|7386170245|pants-black|Nora Gardner|$268|$268|Women’s Suits|5|0|0|0|0|5|Great dress pants|I’m a shorty (5’1”) and it’s SUPER hard to find comfortable dress pants that I don’t have to alter. These fit great - came up higher on the waist on me and were a tad long but not so long that I have to hem them.|2019-02-21|
Nora Gardner|https://noragardner.com/collections/suiting/products/pants-black|7386170245|pants-black|Nora Gardner|$268|$268|Women’s Suits|5|0|0|0|0|5|The most comfortable, professional pants ever!|I'm wearing these pants at work right now, and LOVE how they feel! So comfortable, yet professional. And, I have to say, my butt looks great. :)|2018-01-24|
Nora Gardner|https://noragardner.com/collections/neutral-collection/products/clea-dress-ballerina-pink|4450295906398|clea-dress-ballerina-pink|Nora Gardner|$328|$328|NEUTRALS COLLECTION|2|0|0|1|0|1||Gorgeous summer dress! Love all Nora designs|2025-05-27|
Nora Gardner|https://noragardner.com/collections/neutral-collection/products/clea-dress-ballerina-pink|4450295906398|clea-dress-ballerina-pink|Nora Gardner|$328|$328|NEUTRALS COLLECTION|2|0|0|1|0|1|Pink Polyester|I did not realize it was 100% polyester and $300.00 is way too much for a polyester dress. Sent it back.|2021-03-28|
Nora Gardner|https://noragardner.com/collections/neutral-collection/products/ubrique-dress-sandshell-beige|6589073064030|ubrique-dress-sandshell-beige|Nora Gardner|$298|$298|NEUTRALS COLLECTION|1|0|0|0|0|1|Exceeded all expectations!!! My niece|Exceeded all expectations!!! My niece loved the dress. From the packaging to the quality, this was a winner!!! We are all fans of Nora Gardner!!!|2022-01-14|
Nora Gardner|https://noragardner.com/collections/neutral-collection/products/maria-jacket-cocoa|7186383634526|maria-jacket-cocoa|Nora Gardner|$368|$368|NEUTRALS COLLECTION|1|0|0|0|0|1||Love everything about this suit - the color, the fabric, the fit! ❤️|2024-11-02|
Nora Gardner|https://noragardner.com/collections/neutral-collection/products/maria-pant-cocoa|7186408865886|maria-pant-cocoa|Nora Gardner|$268|$268|NEUTRALS COLLECTION|2|0|0|0|0|2||Amazing pants!  I have the denim blue and the midnight navy.  No alterations, they fit perfectly (I wear size 12).  Professional style is perfect for the office and they are supremely comfortable.  The drape, color, fit, stretch are all wonderful.  I would buy these pants in every available color.|2024-10-17|
Nora Gardner|https://noragardner.com/collections/neutral-collection/products/maria-pant-cocoa|7186408865886|maria-pant-cocoa|Nora Gardner|$268|$268|NEUTRALS COLLECTION|2|0|0|0|0|2|||2024-11-02|
Nora Gardner|https://noragardner.com/collections/neutral-collection/products/alanna-blazer-light-charcoal|8889078021|alanna-blazer-light-charcoal|Nora Gardner|$368|$368|NEUTRALS COLLECTION|1|0|0|1|0|0|Too small|It runs small|2018-10-20|
Nora Gardner|https://noragardner.com/collections/sale-1/products/maria-jacket-denim-blue|7186380357726|maria-jacket-denim-blue|Nora Gardner|$368|$368||2|0|0|0|0|2|||2025-02-10|
Nora Gardner|https://noragardner.com/collections/business-casual/products/peplum-top-white|6758124781662|peplum-top-white|Nora Gardner|$184|$184|BUSINESS CASUAL|1|0|0|0|0|1|Perfect top for everything|Perfect top for everything|2024-03-01|
Nora Gardner|https://noragardner.com/collections/business-travel/products/lydia-dress-royal-blue|4168088453214|lydia-dress-royal-blue|Nora Gardner|$298|$298|Travel Workwear for Women on the Go|3|0|0|0|0|3|Love my Lydia dress|Love the quality of fabric and design.|2024-04-22|
Nora Gardner|https://noragardner.com/collections/business-travel/products/lydia-dress-royal-blue|4168088453214|lydia-dress-royal-blue|Nora Gardner|$298|$298|Travel Workwear for Women on the Go|3|0|0|0|0|3|Love, love, love my Lydia|Love, love, love my Lydia dress!|2021-11-13|
Nora Gardner|https://noragardner.com/collections/business-travel/products/lydia-dress-royal-blue|4168088453214|lydia-dress-royal-blue|Nora Gardner|$298|$298|Travel Workwear for Women on the Go|3|0|0|0|0|3|Love this dress|It fits, feels, and looks great. Comfy and easy fabric. The color is beautiful. I have the same one in eggplant purple and love it too.|2020-05-23|
Nora Gardner|https://noragardner.com/collections/business-travel/products/shira-dress-navy|6570149412958|shira-dress-navy|Nora Gardner|$270|$270|Travel Workwear for Women on the Go|2|0|0|1|0|1|Great dress but runs small|"Great dress but runs small and is very fitted. I am 5'7"" and 138 lbs and need a large...."|2021-09-30|
Nora Gardner|https://noragardner.com/collections/business-travel/products/shira-dress-navy|6570149412958|shira-dress-navy|Nora Gardner|$270|$270|Travel Workwear for Women on the Go|2|0|0|1|0|1|Love this style!|I recently ordered this dress in Navy. The cut is so flattering, much like the Daphne dress but with a different fabric. My only caveat for my fellow petite ladies - the body is a little longer on this one than the Daphne. That’s said, definitely another staple dress.|2021-06-20|
Nora Gardner|https://noragardner.com/collections/tv-apperances/products/sleeved-evelyn-dress-eggplant|7206470713438|sleeved-evelyn-dress-eggplant|Nora Gardner|$368|$368|TV-READY LOOKS|1|0|0|0|0|1||Lovely dress. The eggplant color is a rich, deep purple, not burgundy, which is just what I wanted. Love that it is lined. Wore this to a work event when I had to present to my colleagues and the president of the company. I felt completely confident and put together. Will wear this dress often.|2024-10-26|
Nora Gardner|https://noragardner.com/collections/sheath-dresses/products/lydia-dress-black|6771772485|lydia-dress-black|Nora Gardner|$298|$298|Sheath Dresses|5|0|0|0|0|5|So Comfortable!|This is the best LBD. It wears easily and comfortably and is so easy to accessorize. I love it!|2023-09-10|
Nora Gardner|https://noragardner.com/collections/sheath-dresses/products/lydia-dress-black|6771772485|lydia-dress-black|Nora Gardner|$298|$298|Sheath Dresses|5|0|0|0|0|5|It’s the perfect LBD. Thank|It’s the perfect LBD. Thank you|2019-08-22|
Nora Gardner|https://noragardner.com/collections/sheath-dresses/products/lydia-dress-black|6771772485|lydia-dress-black|Nora Gardner|$298|$298|Sheath Dresses|5|0|0|0|0|5|My go to dress|I own three of the Lydia dresses and they are perfect for any occasion. I wear a 6 in the Lydia and a 4 in my other Nora dresses. Love them!|2017-12-01|
Nora Gardner|https://noragardner.com/collections/sheath-dresses/products/lydia-dress-black|6771772485|lydia-dress-black|Nora Gardner|$298|$298|Sheath Dresses|5|0|0|0|0|5|Need more!|Best dress ever. I bring it to every conference I attend -- with a different necklace and shoes each time. Never fails and, better yet, never loses its shape. Best yet, never wrinkles!!|2017-05-13|
Nora Gardner|https://noragardner.com/collections/sheath-dresses/products/lydia-dress-black|6771772485|lydia-dress-black|Nora Gardner|$298|$298|Sheath Dresses|5|0|0|0|0|5|Go to Work Dress|I'm on the road a lot for work and this dress pretty much stays in my suitcase. It's classic, simple, and with accessories the black version can be changed up (so hopefully my colleagues don't realize I'm wearing the same dress on every business trip!). And it doesn't need to be dry cleaned. Will definitely be getting this in other colors.|2017-05-13|
Nora Gardner|https://noragardner.com/collections/sheath-dresses/products/verana-dress-black|6771751813|verana-dress-black|Nora Gardner|$270|$270|Sheath Dresses|10|0|0|0|0|10|The fit is perfect!|The fit is perfect!|2021-06-02|
Nora Gardner|https://noragardner.com/collections/sheath-dresses/products/verana-dress-black|6771751813|verana-dress-black|Nora Gardner|$270|$270|Sheath Dresses|10|0|0|0|0|10|terrific dress!|I bought the Verana in black after having bought it in blue a year or so ago. Incredibly useful, comfortable, well-fitting dress that can be used across occasions and travels well. A much complimented dress. I expect to have similar success with the black version. Love Nora Gardner dresses!|2020-06-09|
Nora Gardner|https://noragardner.com/collections/sheath-dresses/products/verana-dress-black|6771751813|verana-dress-black|Nora Gardner|$270|$270|Sheath Dresses|10|0|0|0|0|10|Perfect little black (but professional) dress|Great fabric, very flattering fit, ideal for travel, and seamlessly transitions from day to night. I bought the Verana in Navy too!|2020-05-28|
Nora Gardner|https://noragardner.com/collections/sheath-dresses/products/verana-dress-black|6771751813|verana-dress-black|Nora Gardner|$270|$270|Sheath Dresses|10|0|0|0|0|10|Amazing!|I absolutely love all Nora pieces. This dress is great for travel and is perfect for work and easily transitions to evening.|2019-09-20|
Nora Gardner|https://noragardner.com/collections/sheath-dresses/products/verana-dress-black|6771751813|verana-dress-black|Nora Gardner|$270|$270|Sheath Dresses|10|0|0|0|0|10|A lovely classic black dress|A lovely classic black dress|2019-06-15|
Nora Gardner|https://noragardner.com/collections/sheath-dresses/products/verana-dress-black|6771751813|verana-dress-black|Nora Gardner|$270|$270|Sheath Dresses|10|0|0|0|0|10|great simple dress|"i am 5'8"" and 129lbs. I bought a size 4 and it fit perfectly. Perhaps an inch longer would be even better. this is a great dress.
it can be dressed up or worn casually. It can be folded to travel.

i will definitely be interested in other purchases from Nora Gardner."|2018-08-26|
Nora Gardner|https://noragardner.com/collections/sheath-dresses/products/verana-dress-black|6771751813|verana-dress-black|Nora Gardner|$270|$270|Sheath Dresses|10|0|0|0|0|10|Extraordinarily perfect!!!|Love all Nora Gardner dresses. I have been wearing his various styles for a number of years. They travel well, always look amazing on and the simplicity is the perfection. Several years ago Nora did a fashion workshop at my company in NYC and everyone loved her story of her business success. All the best and thank you!|2018-07-15|
Nora Gardner|https://noragardner.com/collections/sheath-dresses/products/verana-dress-black|6771751813|verana-dress-black|Nora Gardner|$270|$270|Sheath Dresses|10|0|0|0|0|10|Delicious|Impeccable cut fits true to size, just enough room to not feel self conscious. Enough sleeve that jacket is not required. Length to the knee on my 5’9” frame. Material feels nice and breathable, seems like it wouldn’t wrinkle. Lovely go-anywhere dress. (My only wish would be to add pockets.)|2018-02-16|
Nora Gardner|https://noragardner.com/collections/sheath-dresses/products/verana-dress-black|6771751813|verana-dress-black|Nora Gardner|$270|$270|Sheath Dresses|10|0|0|0|0|10|Best dress ever!|This is the best item of clothing I own, it's comfortable, convenient and looks great! I was sick of having to dry clean all of my clothes and iron everything I wash at home. This dress, I can wash it in a laundry bag in the washing machine on cold and it comes out perfectly fine and wrinkle-free! When I travel, I know this is the one item I can put on from my suitcase that doesn't need to be ironed. It's also a great item for versatility, I can wear it to board meetings, out for dinner, or on a casual day in the office (with flats and a cardigan). I've had it for just over a year and it is in perfect condition. I highly recommend the Verana dress!|2017-05-14|
Nora Gardner|https://noragardner.com/collections/sheath-dresses/products/verana-dress-black|6771751813|verana-dress-black|Nora Gardner|$270|$270|Sheath Dresses|10|0|0|0|0|10|Comfortable and Professional|"Love this dress, it's easy to wear, comfortable and makes looking professional feel easy and comfortable.

I love how the fabric works with my body and it covers everything up appropriately. It also doesn't get uncomfortable as the day wears on and I'm running to meetings."|2017-05-14|
Nora Gardner|https://noragardner.com/collections/sheath-dresses/products/evelyn-dress-black|6771747589|evelyn-dress-black|Nora Gardner|$348|$348|Sheath Dresses|3|0|0|0|0|3|Amazing Dress|I love this dress. It’s elegant, comfortable, and versatile. I receive a ton of compliments when I wear it and have easily transitioned it from work day to night on the town.|2019-12-29|
Nora Gardner|https://noragardner.com/collections/sheath-dresses/products/evelyn-dress-black|6771747589|evelyn-dress-black|Nora Gardner|$348|$348|Sheath Dresses|3|0|0|0|0|3|A stunner|I have this dress in peacock blue, and it's a knockout - elegant and interesting at the same time. And I travel a lot, so I highly value that Nora's dresses don't wrinkle easily.|2017-05-13|
Nora Gardner|https://noragardner.com/collections/sheath-dresses/products/evelyn-dress-black|6771747589|evelyn-dress-black|Nora Gardner|$348|$348|Sheath Dresses|3|0|0|0|0|3|Dress to impress|Classic and elegant, this dress is in constant rotation. It might very well be my favorite dress, one of those I throw in the suitcase on business trips and always looks great on arrival! Simple to style with a pair of dangling earrings and either heels or classy flats. Still looks great after a year. The dress is petite-friendly (I'm 5'3) and works for my hourglass figure.|2017-05-13|
Nora Gardner|https://noragardner.com/collections/tops/products/rosemary-turtleneck-black-1|9002862597|rosemary-turtleneck-black-1|Nora Gardner|$89|$89|ALL TOPS|3|0|0|0|0|3|Love it|Love it|2021-01-27|
Nora Gardner|https://noragardner.com/collections/tops/products/rosemary-turtleneck-black-1|9002862597|rosemary-turtleneck-black-1|Nora Gardner|$89|$89|ALL TOPS|3|0|0|0|0|3|Quality garments made in the USA!|Always happy with my purchases from Nora Gardner. The quality makes it worth the cost, and I love to support garment manufacturers based in the good old USA!|2020-12-11|
Nora Gardner|https://noragardner.com/collections/tops/products/rosemary-turtleneck-black-1|9002862597|rosemary-turtleneck-black-1|Nora Gardner|$89|$89|ALL TOPS|3|0|0|0|0|3|Your Mom is the best,|Your Mom is the best, we had a great time. She helped me go through a gazillion styles and we found a few that fit well. Good luck with the business, I’ll be back!|2018-02-05|
